tool		Theta 6.17.6	Theta 6.17.6	Theta 6.17.6	Theta 6.17.6	Theta 6.17.6	Theta 6.17.6	Theta 6.17.6	Theta 6.17.6	Theta 6.17.6	Theta 6.17.6	Theta 6.17.6	Theta 6.17.6	Theta 6.17.6	Theta 6.17.6	Theta 6.17.6
run set		PredCart(900, true, true) -> KInd().SV-COMP25_unreach-call	PredCart(900, true, true) -> KInd().SV-COMP25_unreach-call	PredCart(900, true, true) -> KInd().SV-COMP25_unreach-call	PredCart(900, true, true) -> KInd().SV-COMP25_unreach-call	PredCart(900, true, true) -> KInd().SV-COMP25_unreach-call	PredCart(100, true, true) -> KInd().SV-COMP25_unreach-call	PredCart(100, true, true) -> KInd().SV-COMP25_unreach-call	PredCart(100, true, true) -> KInd().SV-COMP25_unreach-call	PredCart(100, true, true) -> KInd().SV-COMP25_unreach-call	PredCart(100, true, true) -> KInd().SV-COMP25_unreach-call	PredCart(100) -> KInd().SV-COMP25_unreach-call	PredCart(100) -> KInd().SV-COMP25_unreach-call	PredCart(100) -> KInd().SV-COMP25_unreach-call	PredCart(100) -> KInd().SV-COMP25_unreach-call	PredCart(100) -> KInd().SV-COMP25_unreach-call
sv-benchmarks/c/		status	cputime (s)	walltime (s)	memory (MB)	host	status	cputime (s)	walltime (s)	memory (MB)	host	status	cputime (s)	walltime (s)	memory (MB)	host
locks/test_locks_11.yml	true	true	279.894706965	261.52524843300125	1221.156864	cloud-23979	true	274.233873752	251.77255494999918	1214.365696	cloud-23933	TIMEOUT	990.625396309	962.430932149	740.032512	cloud-24276
locks/test_locks_12.yml	true	true	445.194406748	421.3061482569992	1285.050368	cloud-23933	true	402.751126572	379.8721171090001	1224.851456	cloud-23933	TIMEOUT	990.600564214	961.9122956600004	638.128128	cloud-23979
locks/test_locks_13.yml	true	true	591.48449816	568.8794214139998	1391.370240	cloud-24261	true	610.132802522	585.3024106429993	1205.096448	cloud-23933	TIMEOUT	990.559987394	964.0054745119996	705.736704	cloud-24261
locks/test_locks_14-1.yml	true	TIMEOUT (ERROR (inner timeout, after parsing finished))	961.371732472	939.9626841649988	674.439168	cloud-23979	TIMEOUT (true)	900.258294173	875.4459578089991	1405.202432	cloud-24259	TIMEOUT	990.456631801	965.2942649519973	720.449536	cloud-24261
locks/test_locks_15-2.yml	true	TIMEOUT (ERROR (inner timeout, after parsing finished))	972.955469409	947.6664149820008	758.800384	cloud-24261	TIMEOUT (ERROR (inner timeout, after parsing finished))	976.265757057	951.0084841729995	701.206528	cloud-23933	TIMEOUT	990.559658856	963.1019356999968	693.063680	cloud-24276
locks/test_locks_9.yml	true	true	120.72440613	100.80930205899995	914.898944	cloud-24261	true	124.982825364	102.17828544900021	1013.219328	cloud-23979	TIMEOUT (true)	919.206950551	880.7933620100011	1500.909568	cloud-23979
loops/eureka_01-2.yml	true	TIMEOUT (ERROR (server error, after parsing finished))	936.881172552	909.6796414640012	2836.418560	cloud-23942	ERROR (server error, after parsing finished)	140.093568725	115.04600701599975	1518.370816	cloud-23933	ERROR (server error, after parsing finished)	142.689784741	115.74205348499527	1296.658432	cloud-24276
loops/heavy-1.yml	false	TIMEOUT (ERROR (server error, after parsing finished))	934.169734247	911.3558513200005	909.344768	cloud-24261	ERROR (server error, after parsing finished)	149.872527613	132.77871618000063	791.834624	cloud-23933	ERROR (server error, after parsing finished)	129.779435869	113.92356964800274	619.339776	cloud-23979
loops/insertion_sort-1-2.yml	false	TIMEOUT (ERROR (server error, after parsing finished))	929.439695617	910.972613512	664.199168	cloud-23933	ERROR (server error, after parsing finished)	133.280894221	114.93323990399949	736.841728	cloud-23979	ERROR (server error, after parsing finished)	69.226109308	51.95548462899751	726.052864	cloud-23933
loops/insertion_sort-2-2.yml	true	TIMEOUT (ERROR (server error, after parsing finished))	929.722937061	910.2374738430008	739.704832	cloud-23979	ERROR (server error, after parsing finished)	132.93047057	114.60897140000088	805.212160	cloud-23979	ERROR (server error, after parsing finished)	130.44143177	113.73850067800959	683.978752	cloud-24261
loops/invert_string-3.yml	true	TIMEOUT	992.002151518	609.3313763580009	2049.986560	cloud-24261	ERROR (server error, after parsing finished)	383.236009319	281.2957677249997	2213.994496	cloud-23933	ERROR (server error, after parsing finished)	825.999244937	483.1303214779982	2034.577408	cloud-23979
loops/sum_array-2-2.yml	true	TIMEOUT (ERROR (server error, after parsing finished))	910.653362665	893.4840148339972	645.165056	cloud-23933	ERROR (server error, after parsing finished)	128.714216159	115.30138435300069	574.390272	cloud-23979	ERROR (server error, after parsing finished)	128.106884412	114.972211813998	563.625984	cloud-24276
loop-acceleration/array_1-1.yml	false	TIMEOUT (ERROR (generic error, after parsing finished))	936.998750219	908.7864816309993	894.775296	cloud-24261	ERROR (server error, after parsing finished)	133.779816712	112.63233204399876	704.675840	cloud-23933	ERROR (server error, after parsing finished)	135.990904992	113.99441767499957	643.358720	cloud-24276
loop-acceleration/array_1-2.yml	true	TIMEOUT (ERROR (server error, after parsing finished))	941.495190453	911.3013144159995	972.763136	cloud-23933	ERROR (server error, after parsing finished)	134.95582988	112.3642434379999	683.048960	cloud-23979	ERROR (generic error, after parsing finished)	138.538519301	116.21528367300198	645.808128	cloud-24276
loop-acceleration/array_2-1-simple.yml	false	TIMEOUT (ERROR (server error, after parsing finished))	936.077062078	909.4116562199997	1276.313600	cloud-23941	ERROR (generic error, after parsing finished)	143.053368847	118.52037156200004	721.850368	cloud-24259	ERROR (server error, after parsing finished)	136.778220884	114.1925924209936	749.244416	cloud-24261
loop-acceleration/array_2-1.yml	false	TIMEOUT (ERROR (generic error, after parsing finished))	924.827239975	890.5704723410017	1965.846528	cloud-23979	ERROR (generic error, after parsing finished)	144.641376891	119.67932308599848	1204.609024	cloud-23979	ERROR (server error, after parsing finished)	137.899008179	115.07208598899888	1226.792960	cloud-23979
loop-acceleration/array_2-2-simple.yml	true	TIMEOUT (ERROR (server error, after parsing finished))	937.620756042	910.8172677929979	1149.034496	cloud-23979	ERROR (server error, after parsing finished)	139.386171984	115.76383151999835	766.369792	cloud-24259	ERROR (server error, after parsing finished)	137.941729347	115.56092371299746	806.420480	cloud-23979
loop-acceleration/array_2-2.yml	true	TIMEOUT (ERROR (generic error, after parsing finished))	927.475937982	891.9342768370007	1966.280704	cloud-23979	ERROR (server error, after parsing finished)	139.460213738	115.56489576899912	1224.613888	cloud-24259	ERROR (server error, after parsing finished)	140.583955221	116.46492615999887	1246.416896	cloud-24261
loop-acceleration/array_3-2.yml	false	TIMEOUT (ERROR (server error, after parsing finished))	941.90866347	911.8434165260005	1082.621952	cloud-23933	ERROR (server error, after parsing finished)	136.492676175	113.90502220000053	726.990848	cloud-23933	ERROR (server error, after parsing finished)	139.811955897	115.11426448301063	762.945536	cloud-24261
loop-acceleration/array_4.yml	true	TIMEOUT (ERROR (server error, after parsing finished))	939.202590666	910.7048465970001	1103.499264	cloud-23933	ERROR (server error, after parsing finished)	136.725081707	114.20729105800274	757.288960	cloud-23979	ERROR (server error, after parsing finished)	136.065137097	114.43006697400415	752.033792	cloud-24261
loop-acceleration/diamond_1-2.yml	false	false(unreach-call)	488.903440333	467.06456106099995	1213.804544	cloud-23941	TIMEOUT	990.321882521	965.0403333649992	879.611904	cloud-23979	TIMEOUT	990.332321328	966.0476857589965	858.525696	cloud-24261
loop-acceleration/diamond_2-2.yml	true	true	611.400718255	455.6161179869996	2293.149696	cloud-23979	TIMEOUT	990.352067746	960.967187108	1612.320768	cloud-24259	TIMEOUT	990.342507417	962.4402839040049	1507.098624	cloud-24276
loop-acceleration/functions_1-1.yml	true	TIMEOUT (ERROR (inner timeout, after parsing finished))	983.203385222	966.1511969519997	573.640704	cloud-23979	true	54.920634511	41.311282181000024	626.561024	cloud-23933	TIMEOUT (ERROR (inner timeout, after parsing finished))	934.446901508	918.4112157630007	618.782720	cloud-24261
loop-acceleration/phases_2-2.yml	true	TIMEOUT	990.289344885	977.8583758310015	599.453696	cloud-23979	true	203.299835683	193.45295793699916	556.470272	cloud-24259	true	212.381883705	200.4569209159963	553.889792	cloud-24261
loop-acceleration/underapprox_2-1.yml	false	TIMEOUT (false(unreach-call))	938.606941952	922.7967060589999	609.169408	cloud-23933	false(unreach-call)	140.739203089	129.11401947299964	559.222784	cloud-23933	false(unreach-call)	158.519623081	144.7469090150007	600.465408	cloud-23933
loop-crafted/simple_array_index_value_1-1.yml	true	TIMEOUT (ERROR (server error, after parsing finished))	932.10630923	910.2095699870006	1169.600512	cloud-23979	ERROR (server error, after parsing finished)	130.638127271	113.6520938959984	632.078336	cloud-24259	ERROR (server error, after parsing finished)	128.043758411	113.42679533000046	601.690112	cloud-23979
loop-crafted/simple_array_index_value_2.yml	true	TIMEOUT (ERROR (server error, after parsing finished))	931.746468336	908.3090046409998	1079.685120	cloud-24261	ERROR (server error, after parsing finished)	127.107465533	112.10585852099757	618.242048	cloud-24259	ERROR (server error, after parsing finished)	130.904766476	114.31868709400078	611.676160	cloud-23933
loop-crafted/simple_array_index_value_4.i.v+lhb-reducer.yml	true	TIMEOUT (ERROR (server error, after parsing finished))	949.202431035	911.5430789419988	1649.065984	cloud-24261	ERROR (server error, after parsing finished)	143.857304872	118.77735702700011	924.540928	cloud-24259	ERROR (server error, after parsing finished)	147.867647306	121.8278779980028	854.798336	cloud-24276
loop-crafted/simple_array_index_value_4.i.v+nlh-reducer.yml	true	TIMEOUT (ERROR (server error, after parsing finished))	939.698035042	910.3066445320001	1537.437696	cloud-23979	ERROR (server error, after parsing finished)	145.810220751	122.3635203519998	958.345216	cloud-23933	ERROR (server error, after parsing finished)	140.6569846	115.09897000300407	800.157696	cloud-24261
loop-invgen/apache-get-tag.i.p+sep-reducer.yml	true	true	690.784090987	646.7603126800004	2100.916224	cloud-23933	TIMEOUT	990.818567001	768.0221807299986	3172.188160	cloud-23933	TIMEOUT	992.35502094	825.7718920330008	3053.281280	cloud-23979
loop-invgen/large_const.yml	true	TIMEOUT (true)	947.464734736	912.395850126999	872.611840	cloud-23933	true	179.453948211	148.0091360510014	1624.641536	cloud-24259	true	139.26960053	115.40900609299933	653.799424	cloud-23979
loop-lit/mcmillan2006.yml	true	TIMEOUT (ERROR (server error, after parsing finished))	931.524707926	909.8314399990013	993.030144	cloud-23979	ERROR (server error, after parsing finished)	136.868181412	113.93211549700209	916.422656	cloud-23979	ERROR (server error, after parsing finished)	222.342898027	194.14776412900028	1147.920384	cloud-24276
loop-new/count_by_1.yml	true	TIMEOUT (true)	940.812696586	912.5378349439998	792.489984	cloud-23933	true	132.672094823	112.78331248999984	687.505408	cloud-23933	ERROR (generic error, after parsing finished)	134.760787524	114.81548441199993	635.166720	cloud-23979
loop-new/count_by_2.yml	true	TIMEOUT	990.815797918	958.357818788998	809.992192	cloud-23933	TIMEOUT	990.527437391	951.9209797680014	1861.820416	cloud-23933	ERROR (generic error, after parsing finished)	140.715403646	118.61201692699979	684.036096	cloud-23933
loops-crafted-1/in-de31.yml	true	ERROR (generic error, after parsing finished)	879.732038785	823.8525064669993	2089.996288	cloud-24261	ERROR (generic error, after parsing finished)	305.523994085	249.1816552700002	2037.903360	cloud-24259	TIMEOUT	990.314537104	962.2173961350054	1745.956864	cloud-24261
loops-crafted-1/in-de51.yml	true	TIMEOUT	991.987521211	509.4991603540002	2134.556672	cloud-23933	ERROR (generic error, after parsing finished)	124.04538209	67.75590836699848	2031.853568	cloud-24259	TIMEOUT	992.058960909	508.70208706999256	2052.374528	cloud-23942
loops-crafted-1/mono-crafted_1.yml	true	TIMEOUT	990.540608835	961.6048363010004	754.950144	cloud-24261	TIMEOUT	990.371760234	962.9595968040012	1015.877632	cloud-23933	ERROR (generic error, after parsing finished)	154.550142089	133.96051612500014	712.540160	cloud-23933
loops-crafted-1/mono-crafted_13.yml	true	TIMEOUT	990.543174229	963.9985909269963	945.618944	cloud-23979	TIMEOUT	990.324348873	961.9185800749999	905.273344	cloud-23933	ERROR (generic error, after parsing finished)	165.534701416	141.78804707199743	692.129792	cloud-23933
loops-crafted-1/mono-crafted_7.yml	true	TIMEOUT	990.596863902	958.428244228	800.473088	cloud-24261	ERROR (generic error, after parsing finished)	148.476172097	126.07944612499705	649.662464	cloud-23979	TIMEOUT	990.452289396	960.4437613570044	1001.791488	cloud-23933
loops-crafted-1/sumt9.yml	true	TIMEOUT (ERROR (inner timeout, after parsing finished))	969.432351991	946.9953740719975	1041.604608	cloud-23933	TIMEOUT	990.31081239	962.830417593	1237.901312	cloud-23979	TIMEOUT	990.279599725	970.0403565439992	1058.643968	cloud-23979
loops-crafted-1/vnew1.yml	true	TIMEOUT	992.142371743	593.170884608	2111.664128	cloud-24261	TIMEOUT	990.365036484	957.5890912240011	2014.912512	cloud-24259	ERROR (generic error, after parsing finished)	892.852810023	525.5462071130023	2328.190976	cloud-23979
loop-simple/nested_5.yml	true	TIMEOUT (true)	970.456735192	932.3497704379988	1742.712832	cloud-23979	TIMEOUT	990.321485321	962.7390056380001	716.324864	cloud-23979	TIMEOUT	990.355719959	963.1240191420002	773.955584	cloud-24276
loop-simple/nested_6.yml	true	TIMEOUT (true)	980.020562891	939.0730416839997	1827.561472	cloud-23979	true	213.472121852	187.42108570700293	1635.954688	cloud-24259	true	242.729215937	213.32397194500663	1667.842048	cloud-24261
nla-digbench/egcd-ll.yml	true	TIMEOUT	990.369565712	972.0948897250018	642.023424	cloud-23942	true	253.950052744	236.700135714	668.614656	cloud-23933	ERROR (solver error, after parsing finished)	243.768235985	224.5856896639998	591.314944	cloud-23933
nla-digbench-scaling/bresenham-ll_valuebound50.yml	true	TIMEOUT	990.292812845	970.3878937949994	604.852224	cloud-24261	TIMEOUT	990.273875031	968.5368046869999	601.636864	cloud-23979	TIMEOUT (ERROR (inner timeout, after parsing finished))	937.970416521	916.1520113829974	630.366208	cloud-23933
nla-digbench-scaling/cohencu-ll_unwindbound1.yml	false	TIMEOUT	990.436451946	967.4865715720007	725.127168	cloud-23933	TIMEOUT (ERROR (solver error, after parsing finished))	966.715857796	947.7891472640003	699.682816	cloud-24259	TIMEOUT	990.376365959	969.6499333400025	726.966272	cloud-23933
nla-digbench-scaling/cohencu-ll_unwindbound5.yml	false	TIMEOUT	990.445156041	970.7967297499999	704.233472	cloud-23979	ERROR (solver error, after parsing finished)	878.090266817	856.5245451290011	715.161600	cloud-23979	TIMEOUT (ERROR (solver error, after parsing finished))	925.909982103	904.8585273319986	715.612160	cloud-24276
nla-digbench-scaling/cohencu-ll_valuebound10.yml	true	TIMEOUT (ERROR (inner timeout, after parsing finished))	986.715678492	967.8573038649993	692.678656	cloud-23979	TIMEOUT	990.333150676	967.1780552639975	711.340032	cloud-23979	TIMEOUT	990.286047748	969.043074786001	677.916672	cloud-24276
nla-digbench-scaling/cohencu-ll_valuebound2.yml	true	TIMEOUT (ERROR (inner timeout, after parsing finished))	979.246987057	962.7160712860004	681.811968	cloud-23979	TIMEOUT	990.28877368	965.036574317	714.809344	cloud-23979	TIMEOUT (ERROR (inner timeout, after parsing finished))	988.22890669	965.8484255689982	688.926720	cloud-24261
nla-digbench-scaling/cohencu-ll_valuebound20.yml	true	TIMEOUT	990.288830119	968.4020241159997	642.932736	cloud-23933	TIMEOUT	990.288950453	970.1923869379971	711.782400	cloud-23933	TIMEOUT (ERROR (inner timeout, after parsing finished))	987.788408238	967.1814342430007	713.224192	cloud-24261
nla-digbench-scaling/cohencu-ll_valuebound5.yml	true	TIMEOUT (ERROR (inner timeout, after parsing finished))	984.033168415	966.6533560190001	708.902912	cloud-23979	TIMEOUT (ERROR (inner timeout, after parsing finished))	977.367620548	959.240213435	676.651008	cloud-24259	TIMEOUT	990.301241938	966.9601201379992	737.202176	cloud-23933
nla-digbench-scaling/cohendiv-ll_unwindbound100.yml	true	TIMEOUT (ERROR (solver error, after parsing finished))	955.191800704	921.9438216540002	831.979520	cloud-23933	true	177.214816291	143.90165974800038	1581.314048	cloud-23979	ERROR (solver error, after parsing finished)	148.622883443	123.59781777500757	845.459456	cloud-24261
nla-digbench-scaling/cohendiv-ll_unwindbound50.yml	true	TIMEOUT (ERROR (solver error, after parsing finished))	952.910813497	920.7600017440018	839.925760	cloud-23979	true	170.703820004	138.0121208189994	1726.685184	cloud-23933	true	179.719751	146.33211824500177	1536.417792	cloud-24261
nla-digbench-scaling/divbin2_unwindbound1.yml	true	TIMEOUT (ERROR (inner timeout, after parsing finished))	988.188632973	972.8155746250013	662.880256	cloud-24261	TIMEOUT	990.247596276	974.7423517300001	654.270464	cloud-23979	TIMEOUT (ERROR (inner timeout, after parsing finished))	975.607258016	960.7989489809988	662.556672	cloud-23944
nla-digbench-scaling/divbin_unwindbound100.yml	false	TIMEOUT (ERROR (solver error, after parsing finished))	940.589120822	925.041784402998	653.570048	cloud-24261	ERROR (solver error, after parsing finished)	152.087165212	135.86138940100136	630.804480	cloud-23979	ERROR (solver error, after parsing finished)	144.590056098	131.0541652230022	593.076224	cloud-24261
nla-digbench-scaling/divbin_unwindbound2.yml	true	TIMEOUT (ERROR (solver error, after parsing finished))	946.116069689	930.5765940359997	599.842816	cloud-23979	ERROR (solver error, after parsing finished)	144.244873095	131.90622907500074	618.143744	cloud-23933	ERROR (solver error, after parsing finished)	147.641289905	132.4775302150083	608.444416	cloud-24261
nla-digbench-scaling/divbin_valuebound2.yml	true	TIMEOUT (ERROR (solver error, after parsing finished))	947.57119134	932.1313433319992	610.693120	cloud-23979	ERROR (solver error, after parsing finished)	833.250026837	817.3206681350002	633.913344	cloud-24259	ERROR (solver error, after parsing finished)	833.721797273	816.4909285459871	649.007104	cloud-24261
nla-digbench-scaling/egcd-ll_unwindbound100.yml	false	TIMEOUT	990.266800612	972.243067372001	651.100160	cloud-23979	TIMEOUT (ERROR (solver error, after parsing finished))	962.748584957	943.8217628330021	667.766784	cloud-23933	TIMEOUT	990.30380383	970.3715093060018	667.848704	cloud-23933
nla-digbench-scaling/egcd-ll_unwindbound5.yml	false	TIMEOUT	990.425051431	971.1962470229992	686.915584	cloud-24261	ERROR (solver error, after parsing finished)	448.597080156	433.65458757599845	681.472000	cloud-24259	ERROR (solver error, after parsing finished)	487.485757082	470.4589967380016	679.927808	cloud-24261
nla-digbench-scaling/egcd3-ll_unwindbound5.yml	false	ERROR (solver error, after parsing finished)	134.727523395	117.72935581000002	672.571392	cloud-24261	TIMEOUT (ERROR (inner timeout, after parsing finished))	933.256841705	915.6377760749965	661.991424	cloud-24259	ERROR (solver error, after parsing finished)	150.269941025	130.66408540499833	623.292416	cloud-24276
nla-digbench-scaling/geo1-ll_unwindbound50.yml	true	TIMEOUT	990.348656024	973.532258444	592.535552	cloud-23933	ERROR (solver error, after parsing finished)	215.05333401	201.32726349800214	551.829504	cloud-23933	ERROR (solver error, after parsing finished)	227.261262431	215.43879575799656	593.711104	cloud-23979
nla-digbench-scaling/geo2-ll_unwindbound2.yml	true	TIMEOUT	990.331487954	974.7881580529993	546.148352	cloud-24261	ERROR (solver error, after parsing finished)	516.737377967	501.6884767060001	587.563008	cloud-24259	ERROR (solver error, after parsing finished)	593.283552104	579.3825008319982	599.326720	cloud-24276
nla-digbench-scaling/geo2-ll_valuebound100.yml	true	TIMEOUT (ERROR (inner timeout, after parsing finished))	930.456766718	914.5018960479993	562.847744	cloud-24261	TIMEOUT (ERROR (solver error, after parsing finished))	926.087728265	912.7585610739989	567.021568	cloud-24259	TIMEOUT (ERROR (inner timeout, after parsing finished))	926.553804615	912.423434641998	607.215616	cloud-24261
nla-digbench-scaling/geo2-ll_valuebound20.yml	true	TIMEOUT	990.338997197	973.1441633239992	848.261120	cloud-23933	ERROR (solver error, after parsing finished)	297.835833558	283.3028843920001	683.646976	cloud-23979	ERROR (solver error, after parsing finished)	286.344202658	272.60945827800606	684.593152	cloud-24261
nla-digbench-scaling/geo3-ll_unwindbound100.yml	true	TIMEOUT	990.309064883	973.5237104610023	586.940416	cloud-23933	ERROR (solver error, after parsing finished)	824.853783875	810.3239175470007	592.723968	cloud-23933	ERROR (solver error, after parsing finished)	874.907259957	859.8728260850003	531.218432	cloud-23933
nla-digbench-scaling/geo3-ll_unwindbound2.yml	true	TIMEOUT	990.273280844	973.3816548270006	579.129344	cloud-23933	ERROR (solver error, after parsing finished)	828.781214427	815.794544542	580.374528	cloud-23933	ERROR (solver error, after parsing finished)	765.727155558	751.8226640789944	574.066688	cloud-24261
nla-digbench-scaling/geo3-ll_unwindbound50.yml	true	TIMEOUT	990.298938264	973.5037239490011	603.324416	cloud-23933	ERROR (solver error, after parsing finished)	762.092553056	750.0045078149997	570.482688	cloud-24259	ERROR (solver error, after parsing finished)	762.243686523	748.0982013979956	558.137344	cloud-24261
nla-digbench-scaling/hard-u_unwindbound1.yml	false	TIMEOUT (ERROR (inner timeout, after parsing finished))	984.076360244	970.9717613399989	762.707968	cloud-23979	TIMEOUT	990.280814488	972.7425664129987	758.374400	cloud-23979	TIMEOUT (ERROR (inner timeout, after parsing finished))	983.701452237	966.0148917270017	706.764800	cloud-23933
nla-digbench-scaling/hard2_unwindbound10.yml	false	TIMEOUT (ERROR (solver error, after parsing finished))	937.766611638	917.7908937269999	671.313920	cloud-24261	TIMEOUT (ERROR (inner timeout, after parsing finished))	954.175727786	933.003784949	694.194176	cloud-24259	TIMEOUT (ERROR (inner timeout, after parsing finished))	959.335554206	934.6850765269992	653.922304	cloud-23933
nla-digbench-scaling/knuth_valuebound1.yml	true	true	26.925955861	16.69946631700077	1109.491712	cloud-23979	ERROR (server error, after parsing finished)	35.076772539	22.580546126000627	1061.433344	cloud-24259	true	26.651891712	16.35675393200654	1120.686080	cloud-24261
nla-digbench-scaling/knuth_valuebound2.yml	true	true	24.772334467	15.240030557000864	1143.451648	cloud-23979	ERROR (server error, after parsing finished)	35.509512178	23.58038228100031	1070.493696	cloud-23979	true	25.004490869	15.57287827199616	1095.127040	cloud-24261
nla-digbench-scaling/mannadiv_unwindbound100.yml	false	TIMEOUT (ERROR (solver error, after parsing finished))	946.267504121	916.5992328480006	784.375808	cloud-23933	ERROR (solver error, after parsing finished)	142.028999825	119.93905272699885	789.254144	cloud-23933	ERROR (solver error, after parsing finished)	140.717599235	119.68612973999916	720.855040	cloud-24276
nla-digbench-scaling/mannadiv_unwindbound20.yml	false	false(unreach-call)	221.927998921	201.77311773800102	711.970816	cloud-23979	TIMEOUT	990.598755999	949.2083024090007	1526.431744	cloud-23933	TIMEOUT	990.453107819	955.8339145950013	1922.781184	cloud-23979
nla-digbench-scaling/mannadiv_unwindbound50.yml	false	TIMEOUT (ERROR (solver error, after parsing finished))	945.005196109	915.7663186299978	876.199936	cloud-24261	ERROR (solver error, after parsing finished)	138.668616064	117.45725130799838	778.543104	cloud-23933	ERROR (solver error, after parsing finished)	140.915078169	118.5057739210024	741.343232	cloud-23933
nla-digbench-scaling/prodbin-ll_unwindbound10.yml	false	ERROR (solver error, after parsing finished)	886.603406958	871.1924701110001	564.187136	cloud-23979	ERROR (solver error, after parsing finished)	875.25141823	859.9751976049997	568.045568	cloud-23979	TIMEOUT (ERROR (inner timeout, after parsing finished))	927.538389248	911.9294182949961	549.396480	cloud-23979
nla-digbench-scaling/ps4-ll_unwindbound100.yml	false	TIMEOUT	990.401550795	972.0243662039938	696.410112	cloud-23979	ERROR (solver error, after parsing finished)	293.216157523	277.34734515700256	642.596864	cloud-23933	ERROR (solver error, after parsing finished)	321.142546505	305.26486836299955	714.944512	cloud-23979
nla-digbench-scaling/ps4-ll_unwindbound20.yml	false	TIMEOUT	990.347077376	973.2078576970016	717.647872	cloud-23979	ERROR (solver error, after parsing finished)	285.061057192	269.2166072809996	695.070720	cloud-24259	ERROR (solver error, after parsing finished)	327.059136998	312.0116423610016	670.011392	cloud-23979
nla-digbench-scaling/ps4-ll_unwindbound50.yml	false	TIMEOUT	990.407921154	969.9168840219936	674.422784	cloud-23933	ERROR (solver error, after parsing finished)	290.049917444	272.8282845039994	662.876160	cloud-24259	ERROR (solver error, after parsing finished)	331.32186924	310.96377640800347	660.574208	cloud-24276
combinations/Problem05_label42+token_ring.13.cil-2.yml	true	OUT OF MEMORY	750.516359528	681.0027325450001	15000.055808	cloud-23933	OUT OF MEMORY	435.120108421	390.36016729699986	15000.166400	cloud-23939	TIMEOUT	905.028672509	833.4013545879934	15000.047616	cloud-23979
combinations/pc_sfifo_1.cil-2+token_ring.03.cil-1.yml	false	false(unreach-call)	297.107962946	264.0294221599979	835.227648	cloud-23979	TIMEOUT	990.444641234	944.9405355630006	1044.185088	cloud-24259	TIMEOUT	990.395825054	941.2060435749991	910.114816	cloud-24276
combinations/pc_sfifo_1.cil-2+token_ring.03.cil-2.yml	true	true	389.721066825	356.7773520359988	1006.596096	cloud-24261	TIMEOUT	990.629889966	936.1175163920016	1966.841856	cloud-23933	TIMEOUT	990.464019473	940.8154804440019	962.195456	cloud-23933
combinations/pc_sfifo_2.cil-1+token_ring.02.cil-1.yml	true	true	223.499677642	190.24518969900055	1004.728320	cloud-24261	TIMEOUT	990.467877743	940.5897085369998	1117.839360	cloud-23933	TIMEOUT	990.510227321	940.4457196120056	1408.221184	cloud-24261
combinations/pc_sfifo_2.cil-1+token_ring.02.cil-2.yml	false	false(unreach-call)	190.753013055	165.228771701999	938.385408	cloud-23979	TIMEOUT	990.431570582	949.4134062459998	932.700160	cloud-23933	TIMEOUT	990.442572065	942.1400583180002	941.629440	cloud-24276
combinations/pc_sfifo_2.cil-1+token_ring.03.cil-1.yml	false	false(unreach-call)	410.305592846	373.42037354200147	986.034176	cloud-23979	TIMEOUT	990.368262098	949.2800809450018	874.151936	cloud-24259	TIMEOUT	990.498979664	936.4821946059965	1181.990912	cloud-23979
combinations/pc_sfifo_2.cil-1+token_ring.03.cil-2.yml	true	true	524.824749194	487.87823849199776	970.878976	cloud-23979	TIMEOUT	990.430600126	943.7288944429997	1046.147072	cloud-23933	TIMEOUT	990.294288269	960.5563875319931	946.135040	cloud-23943
combinations/pc_sfifo_2.cil-1+token_ring.07.cil-2.yml	false	TIMEOUT	990.562747875	922.8264826100003	1081.561088	cloud-23933	ERROR (generic error, after parsing finished)	221.338696472	171.1803710410004	1303.080960	cloud-23933	TIMEOUT	990.479811264	939.3873926479864	1798.676480	cloud-23944
combinations/pc_sfifo_3.cil+token_ring.02.cil-1.yml	true	true	256.681329589	224.88463572899855	1028.005888	cloud-24261	TIMEOUT	990.46761988	944.3616043060028	1004.855296	cloud-23933	TIMEOUT	990.407232127	943.8994757090004	843.866112	cloud-23979
combinations/pc_sfifo_3.cil+token_ring.02.cil-2.yml	false	false(unreach-call)	253.158134518	217.80221426199978	951.132160	cloud-24261	TIMEOUT	990.364594998	950.6458746139979	873.033728	cloud-24259	TIMEOUT	990.482151232	938.3701388289992	1155.395584	cloud-23933
combinations/pc_sfifo_3.cil+token_ring.03.cil-1.yml	false	false(unreach-call)	463.883453865	418.2212543029964	876.879872	cloud-23933	TIMEOUT	990.391861212	944.668549746	1256.476672	cloud-23933	TIMEOUT	990.431266165	944.7155029419955	1148.907520	cloud-23979
combinations/pc_sfifo_3.cil+token_ring.03.cil-2.yml	true	true	517.923991755	480.35748387100466	988.196864	cloud-23979	TIMEOUT	990.48553587	939.2464452039994	1181.270016	cloud-23933	TIMEOUT	990.470480366	938.1186640230007	1080.545280	cloud-23933
eca-rers2012/Problem01_label32.yml	false	false(unreach-call)	138.911202747	103.77335791300175	1266.130944	cloud-23933	TIMEOUT	990.535157403	945.6295382019998	1496.936448	cloud-23979	false(unreach-call)	132.86506777	98.93881893400248	1122.668544	cloud-24276
eca-rers2012/Problem03_label13.yml	false	false(unreach-call)	324.277906791	279.1264606170007	3112.566784	cloud-23979	TIMEOUT	990.638566918	941.215802693001	2994.323456	cloud-24259	false(unreach-call)	306.601751665	261.4282179010006	3101.306880	cloud-24276
eca-rers2012/Problem03_label35.yml	false	false(unreach-call)	848.784559333	795.0525637049977	3480.539136	cloud-23933	TIMEOUT	990.618876918	940.7260022369992	2889.187328	cloud-24259	TIMEOUT	990.836407852	928.3318723820048	3511.836672	cloud-24276
eca-rers2012/Problem05_label20.yml	true	TIMEOUT	991.31508095	911.061170029001	14710.743040	cloud-23933	OUT OF MEMORY	390.556253679	327.6961505979998	15000.047616	cloud-23933	OUT OF MEMORY	237.155647678	193.4293192930054	15000.158208	cloud-23940
eca-rers2012/Problem06_label01.yml	false	TIMEOUT	991.424474007	916.8747764919972	14594.404352	cloud-24261	OUT OF MEMORY	615.409822599	554.4242098620016	15000.047616	cloud-23979	OUT OF MEMORY	502.477122568	447.3530543560046	15000.039424	cloud-24276
eca-rers2012/Problem06_label02.yml	false	TIMEOUT	991.42422673	907.9826184930025	14625.550336	cloud-23979	OUT OF MEMORY	392.832413602	351.37737501399897	15000.166400	cloud-23941	OUT OF MEMORY	401.795255787	332.3365420689952	15000.047616	cloud-24261
eca-rers2012/Problem06_label03.yml	true	OUT OF MEMORY	333.574475781	291.77618484299455	15000.166400	cloud-23942	TIMEOUT	991.788584985	914.7787922439984	14646.673408	cloud-23933	TIMEOUT	991.534651212	910.8417614799982	14557.028352	cloud-24261
eca-rers2012/Problem06_label06.yml	true	TIMEOUT	991.428513387	923.1453214140056	14212.030464	cloud-24261	OUT OF MEMORY	388.113027853	338.81082065199917	15000.043520	cloud-23979	OUT OF MEMORY	368.082911099	323.62926810700446	15000.170496	cloud-23942
eca-rers2012/Problem06_label07.yml	true	TIMEOUT	991.156367239	922.8291666470031	14611.980288	cloud-23944	TIMEOUT	991.724994092	913.5478196490003	14912.536576	cloud-23979	OUT OF MEMORY	256.618560722	220.81304691900732	15000.162304	cloud-23940
eca-rers2012/Problem06_label08.yml	true	TIMEOUT	991.421795585	918.2079345769998	14696.448000	cloud-23979	OUT OF MEMORY	263.008081488	223.00493702899985	15000.170496	cloud-23939	OUT OF MEMORY	253.930263711	219.56036587900599	15000.154112	cloud-23943
eca-rers2012/Problem06_label09.yml	false	TIMEOUT	991.474801772	912.4876422380003	14683.840512	cloud-23979	TIMEOUT	991.222017426	917.514811396999	14977.519616	cloud-23942	OUT OF MEMORY	513.99301171	442.7211195380005	15000.047616	cloud-23979
eca-rers2012/Problem06_label12.yml	false	OUT OF MEMORY	452.39455787	400.7636736509994	15000.047616	cloud-23933	TIMEOUT	992.124108754	893.5520607230001	13470.162944	cloud-23933	OUT OF MEMORY	270.082727	231.96708839101484	15000.166400	cloud-23944
eca-rers2012/Problem06_label13.yml	true	TIMEOUT	991.347416692	911.2707568610003	14626.201600	cloud-24276	TIMEOUT	991.419376717	921.3998922110004	14680.670208	cloud-23941	OUT OF MEMORY	358.600051898	313.78899348799314	15000.166400	cloud-23942
eca-rers2012/Problem06_label14.yml	true	TIMEOUT	991.345020593	920.2238341580087	14776.860672	cloud-24261	TIMEOUT	992.090063421	898.565326967997	14603.059200	cloud-23979	OUT OF MEMORY	527.379884381	455.5268058619986	15000.174592	cloud-23939
eca-rers2012/Problem06_label15.yml	false	OUT OF MEMORY	394.263420503	345.74464395500036	15000.043520	cloud-24276	TIMEOUT	991.462135075	912.2320253239996	14620.762112	cloud-24259	OUT OF MEMORY	391.813900362	327.2659487250057	15000.043520	cloud-24261
eca-rers2012/Problem06_label16.yml	true	TIMEOUT	991.800567614	910.433710585	14846.042112	cloud-24276	OUT OF MEMORY	301.366901287	258.8127309219999	15000.170496	cloud-23940	OUT OF MEMORY	273.804475346	235.4811006190139	15000.162304	cloud-23940
eca-rers2012/Problem06_label17.yml	true	TIMEOUT	991.483267059	908.1980072139995	14903.382016	cloud-24276	OUT OF MEMORY	505.495669595	449.0641866299993	15000.047616	cloud-23933	OUT OF MEMORY	380.518111585	317.4617978600145	15000.166400	cloud-23939
eca-rers2012/Problem06_label19.yml	true	TIMEOUT	991.587770052	901.3037336279995	14888.435712	cloud-23979	OUT OF MEMORY	471.756684615	389.6304853269994	15000.047616	cloud-23933	OUT OF MEMORY	256.73863586	216.8351481790014	15000.162304	cloud-23939
eca-rers2012/Problem06_label21.yml	false	TIMEOUT	991.530145838	920.0461616709945	14775.476224	cloud-24261	TIMEOUT	991.252594623	917.3921277259999	14692.618240	cloud-24259	OUT OF MEMORY	496.692429132	415.8080395900033	15000.047616	cloud-24261
eca-rers2012/Problem06_label24.yml	false	OUT OF MEMORY	390.331612328	336.49607554400063	15000.039424	cloud-24276	TIMEOUT	991.51386119	900.9338807519998	14882.783232	cloud-23933	OUT OF MEMORY	445.123843892	378.1803243670147	15000.158208	cloud-23943
eca-rers2012/Problem06_label26.yml	true	TIMEOUT	991.331377349	910.0627949570007	14862.954496	cloud-23979	OUT OF MEMORY	342.397469103	299.21584741900006	15000.170496	cloud-23941	OUT OF MEMORY	517.231967976	445.92257124599564	15000.047616	cloud-23979
eca-rers2012/Problem06_label27.yml	false	TIMEOUT	991.391660711	907.917388267002	14744.055808	cloud-23979	OUT OF MEMORY	580.278712769	508.1905013329997	15000.047616	cloud-23933	OUT OF MEMORY	425.52063824	377.3800071250007	15000.047616	cloud-24261
eca-rers2012/Problem06_label28.yml	true	TIMEOUT	991.72705025	908.6216078580001	14660.661248	cloud-24276	OUT OF MEMORY	410.619618692	343.46715626399964	15000.047616	cloud-23979	OUT OF MEMORY	422.195270991	370.2218666609988	15000.043520	cloud-23933
eca-rers2012/Problem06_label33.yml	false	TIMEOUT	991.457475856	914.715944702999	14737.637376	cloud-24261	OUT OF MEMORY	363.720816946	314.6041676269997	15000.170496	cloud-23942	OUT OF MEMORY	479.978729708	411.63985630800016	15000.043520	cloud-24261
eca-rers2012/Problem06_label36.yml	false	OUT OF MEMORY	542.983952927	484.93447511200065	15000.047616	cloud-23933	TIMEOUT	991.622663429	904.8651437029998	14823.276544	cloud-24259	OUT OF MEMORY	284.232575059	245.73568968402105	15000.166400	cloud-23944
eca-rers2012/Problem06_label39.yml	true	OUT OF MEMORY	263.662919843	227.4595385970024	15000.166400	cloud-23943	TIMEOUT	991.04847393	936.089182705	14850.990080	cloud-23943	OUT OF MEMORY	622.415472083	528.3697220550021	15000.047616	cloud-24276
eca-rers2012/Problem06_label41.yml	true	OUT OF MEMORY	418.103896466	371.202626145001	15000.039424	cloud-23933	TIMEOUT	991.426472768	920.2299515560007	14582.915072	cloud-23941	OUT OF MEMORY	388.829460698	316.1160112720099	15000.174592	cloud-23940
eca-rers2012/Problem06_label42.yml	true	TIMEOUT	991.68482345	907.1776544399982	14970.736640	cloud-23933	OUT OF MEMORY	361.540883945	307.33198857500065	15000.043520	cloud-24259	OUT OF MEMORY	651.87258923	552.4715641010007	15000.043520	cloud-24276
eca-rers2012/Problem06_label43.yml	true	TIMEOUT	991.358395269	912.9302360440015	14902.702080	cloud-23979	OUT OF MEMORY	434.028635109	385.1788424639999	15000.039424	cloud-23979	OUT OF MEMORY	444.431705807	397.2098310520014	15000.043520	cloud-23979
eca-rers2012/Problem06_label45.yml	true	TIMEOUT	991.38052332	915.3981731539998	14675.628032	cloud-23933	OUT OF MEMORY	479.43166824	421.2549075469997	15000.047616	cloud-23933	OUT OF MEMORY	538.550504866	457.99726928799646	15000.162304	cloud-23942
eca-rers2012/Problem06_label46.yml	true	OUT OF MEMORY	336.488268991	276.317574575005	15000.166400	cloud-23939	TIMEOUT	991.552167348	905.7770329500017	14759.178240	cloud-23979	OUT OF MEMORY	424.584944507	362.135769814995	15000.166400	cloud-23943
eca-rers2012/Problem06_label47.yml	false	TIMEOUT	991.537074447	909.0852442830001	14668.750848	cloud-24276	TIMEOUT	991.441244296	908.6266922969999	14803.562496	cloud-23933	OUT OF MEMORY	477.43338855	422.3634151909937	15000.047616	cloud-24261
eca-rers2012/Problem06_label48.yml	false	TIMEOUT	991.667714039	909.9762547459977	14674.452480	cloud-24261	TIMEOUT	991.831056426	911.4268903039992	14762.110976	cloud-23933	OUT OF MEMORY	508.037435846	447.8557653289972	15000.043520	cloud-24276
eca-rers2012/Problem06_label49.yml	true	TIMEOUT	991.573648395	922.1191417079972	14843.699200	cloud-24261	OUT OF MEMORY	456.023554617	404.07988283300006	15000.039424	cloud-23933	OUT OF MEMORY	302.303822581	242.18919963898952	15000.170496	cloud-23940
eca-rers2012/Problem06_label50.yml	true	OUT OF MEMORY	387.401194826	339.76030992700544	15000.047616	cloud-24261	TIMEOUT	991.156895292	920.521073123	14696.177664	cloud-23944	TIMEOUT	991.551771902	910.8282823320042	14944.346112	cloud-24261
eca-rers2012/Problem06_label51.yml	true	TIMEOUT	991.528671556	919.9334344060007	14978.056192	cloud-23979	TIMEOUT	991.439059545	908.268143831001	14839.484416	cloud-23933	OUT OF MEMORY	448.694977017	386.125021452026	15000.166400	cloud-23943
eca-rers2012/Problem06_label52.yml	true	TIMEOUT	991.431383387	917.3071648059995	14704.799744	cloud-24261	TIMEOUT	992.161257708	889.9211817469986	14746.046464	cloud-23933	OUT OF MEMORY	552.241043669	460.4037102220027	15000.047616	cloud-23933
eca-rers2012/Problem06_label53.yml	true	OUT OF MEMORY	495.053818732	446.3441321530008	15000.047616	cloud-23979	TIMEOUT	991.958496678	893.1525415409997	14750.040064	cloud-23933	OUT OF MEMORY	426.295996786	380.4269474390021	15000.047616	cloud-24261
eca-rers2012/Problem06_label54.yml	true	OUT OF MEMORY	412.4070221	357.21939941800156	15000.035328	cloud-23979	TIMEOUT	991.317790555	921.463930027001	14781.202432	cloud-24259	OUT OF MEMORY	350.607153132	286.82997655500367	15000.170496	cloud-23940
eca-rers2012/Problem06_label59.yml	false	TIMEOUT	991.289332841	911.2652493540008	14975.217664	cloud-23979	TIMEOUT	992.198607331	897.0150179270022	14943.621120	cloud-23979	OUT OF MEMORY	364.407084183	313.7985519920039	15000.043520	cloud-24261
eca-rers2012/Problem10_label14.yml	true	true	96.013036146	66.76531086199975	1242.296320	cloud-23933	true	83.503361821	57.22365521200118	1407.500288	cloud-23933	TIMEOUT	990.506350613	947.3741050850003	1733.668864	cloud-23933
eca-rers2012/Problem10_label15.yml	false	false(unreach-call)	159.321189834	127.34899389699785	1432.846336	cloud-24261	TIMEOUT	990.597237989	946.6812855219996	1703.313408	cloud-24259	false(unreach-call)	173.67973147	137.51098664599704	1554.644992	cloud-24261
eca-rers2012/Problem10_label32.yml	true	true	139.437484182	105.51969139499852	1485.185024	cloud-23933	TIMEOUT	990.623136808	941.2874937280012	1757.265920	cloud-23933	true	119.692670981	87.52695263300848	1508.806656	cloud-24261
eca-rers2012/Problem10_label40.yml	true	true	236.518916983	204.09425572299915	1860.026368	cloud-23979	TIMEOUT	990.455698482	946.4508110950001	1681.698816	cloud-23979	TIMEOUT	990.44426729	943.4605662930007	1543.118848	cloud-23979
eca-rers2012/Problem10_label41.yml	false	false(unreach-call)	278.733999943	244.7996369529992	1315.258368	cloud-23979	TIMEOUT	990.485137807	946.8174166009994	1535.524864	cloud-23979	TIMEOUT	990.521904995	944.4048438480022	1685.053440	cloud-24276
eca-rers2012/Problem10_label44.yml	true	true	165.470012628	130.88186972899712	1428.938752	cloud-23933	TIMEOUT	990.446692522	945.379980013	1536.262144	cloud-23979	TIMEOUT	990.471523808	942.9935793640034	1509.335040	cloud-23933
eca-rers2012/Problem11_label01.yml	true	true	275.085282326	234.6188347089992	2886.733824	cloud-24261	TIMEOUT	990.793855088	919.8915941199994	2863.775744	cloud-23933	TIMEOUT	991.698375994	605.7630705619958	3029.651456	cloud-24261
eca-rers2012/Problem11_label04.yml	true	true	289.917523593	238.18005136200009	2269.556736	cloud-23933	TIMEOUT	991.421055302	584.1617385729996	3585.933312	cloud-24259	TIMEOUT	991.277359438	593.7692384180009	2980.470784	cloud-23933
eca-rers2012/Problem11_label12.yml	true	TIMEOUT	990.67161825	932.5804073130003	2483.757056	cloud-24261	TIMEOUT	990.575733272	929.1134050809997	2367.533056	cloud-23979	true	207.801632454	167.90967337999973	2355.396608	cloud-23933
eca-rers2012/Problem11_label15.yml	false	false(unreach-call)	169.44357901	131.78740517200094	2401.497088	cloud-23979	TIMEOUT	990.747914783	931.7105200249989	2438.066176	cloud-23933	false(unreach-call)	205.731850993	159.8154702959946	2710.478848	cloud-23933
eca-rers2012/Problem11_label17.yml	true	true	267.090067519	226.26070974300092	2438.897664	cloud-24261	TIMEOUT	990.737321624	930.227963841	2977.632256	cloud-23933	TIMEOUT	991.132309733	626.9687376369984	2728.468480	cloud-23979
eca-rers2012/Problem11_label27.yml	true	TIMEOUT	990.617466918	938.0663215889999	2518.892544	cloud-24261	TIMEOUT	990.637856306	935.2914920870007	2964.258816	cloud-24259	true	189.271219792	144.91135235100228	2084.716544	cloud-23933
eca-rers2012/Problem11_label32.yml	true	TIMEOUT	990.62947659	934.5028015319986	2630.742016	cloud-23979	TIMEOUT	990.524816803	932.415819933	2680.356864	cloud-24259	true	246.051942035	200.12442443700274	2353.655808	cloud-23979
eca-rers2012/Problem11_label35.yml	true	true	279.100925423	233.62170256100217	2384.310272	cloud-23933	TIMEOUT	990.626604774	930.2081516800008	3288.797184	cloud-24259	TIMEOUT	990.595124116	930.9768666740019	2629.648384	cloud-23979
eca-rers2012/Problem11_label37.yml	true	true	275.091258606	231.38634247699883	2388.594688	cloud-24261	TIMEOUT	990.983824805	609.9069572970002	3530.846208	cloud-24259	TIMEOUT	991.027044732	619.2793592790003	3400.667136	cloud-23933
eca-rers2012/Problem11_label44.yml	true	true	299.719692906	255.76954166399992	2530.947072	cloud-24261	TIMEOUT	990.675668755	927.5268677929998	2617.487360	cloud-23979	TIMEOUT	990.770637689	933.0683710150042	2768.224256	cloud-24261
eca-rers2012/Problem14_label00.yml	true	true	176.127881388	141.78007475699997	1561.800704	cloud-23979	TIMEOUT (ERROR (inner timeout, after parsing finished))	988.619367581	944.9927242739996	1731.506176	cloud-23979	true	189.290953671	153.008896653002	1652.203520	cloud-23979
eca-rers2012/Problem14_label01.yml	true	TIMEOUT (ERROR (inner timeout, after parsing finished))	986.590378735	943.8920793090001	1776.386048	cloud-24261	TIMEOUT (ERROR (inner timeout, after parsing finished))	973.844000532	936.4778919500004	2195.722240	cloud-23933	TIMEOUT	990.539284898	934.7081896189993	1689.309184	cloud-23979
eca-rers2012/Problem14_label03.yml	true	TIMEOUT (ERROR (inner timeout, after parsing finished))	980.170072225	941.3479498580018	1931.411456	cloud-23979	TIMEOUT (ERROR (inner timeout, after parsing finished))	989.953303149	947.268989518001	1883.340800	cloud-23979	TIMEOUT	990.640738821	941.1261551850002	2032.033792	cloud-24276
eca-rers2012/Problem14_label05.yml	true	true	270.253405114	234.83590713900048	1592.209408	cloud-24261	TIMEOUT	990.527385309	940.4990872870003	1892.569088	cloud-23979	TIMEOUT	990.506902427	945.4240230079959	1640.054784	cloud-23979
eca-rers2012/Problem14_label08.yml	false	false(unreach-call)	427.641253647	383.63357316099996	2194.505728	cloud-24261	TIMEOUT	990.436553592	943.1898303919997	1630.171136	cloud-24259	TIMEOUT	990.540296019	933.2935770240001	1702.862848	cloud-23933
eca-rers2012/Problem14_label10.yml	false	false(unreach-call)	529.272961293	485.6631678719996	2002.874368	cloud-24261	TIMEOUT	990.609359913	931.0036593139994	1940.455424	cloud-23979	TIMEOUT	990.508317342	942.0065175309974	1680.764928	cloud-23979
eca-rers2012/Problem14_label13.yml	false	false(unreach-call)	245.735221663	204.38962504600022	2187.251712	cloud-24261	TIMEOUT	990.459528897	941.035308028	1542.639616	cloud-23933	TIMEOUT	990.481399077	947.9857308059873	2019.672064	cloud-23944
eca-rers2012/Problem14_label16.yml	true	true	210.914667567	176.43085064499974	1511.784448	cloud-23933	TIMEOUT	991.865449819	573.693722295	2756.415488	cloud-24259	true	188.834754923	156.5728544220001	1620.615168	cloud-23933
eca-rers2012/Problem14_label17.yml	true	true	193.490352891	158.92206781099958	1451.745280	cloud-24261	TIMEOUT	990.628242149	933.5807411000005	1854.803968	cloud-23979	true	211.973671615	174.20378222100044	1783.537664	cloud-24276
eca-rers2012/Problem14_label18.yml	false	false(unreach-call)	404.544225753	354.93757463600014	2229.329920	cloud-23933	TIMEOUT	990.538492401	937.9141962979993	1592.107008	cloud-23979	TIMEOUT	990.60234947	943.0865317940043	2064.576512	cloud-24261
eca-rers2012/Problem14_label22.yml	false	false(unreach-call)	333.312338187	286.570997924995	2134.130688	cloud-23933	TIMEOUT	990.489209565	941.9332101929999	2066.923520	cloud-23933	TIMEOUT	990.610058016	941.5324367680005	1850.974208	cloud-24276
eca-rers2012/Problem14_label31.yml	false	false(unreach-call)	210.233906237	172.2324558149994	2165.223424	cloud-24261	TIMEOUT	990.642496202	941.1664180909993	1883.611136	cloud-23979	TIMEOUT	990.579688663	943.4341706740088	1694.498816	cloud-24261
eca-rers2012/Problem14_label34.yml	false	false(unreach-call)	260.923174915	221.08655601300006	2332.962816	cloud-24261	TIMEOUT	990.573404524	945.6104435630004	1980.444672	cloud-23933	TIMEOUT	990.287565661	938.2483854210004	1677.156352	cloud-24276
eca-rers2012/Problem14_label36.yml	true	true	190.000064877	155.25124025100013	1586.925568	cloud-24261	TIMEOUT	991.768390691	578.0620771910001	2537.283584	cloud-23933	true	199.5415477	163.72832880299757	1806.643200	cloud-23979
eca-rers2012/Problem14_label37.yml	false	false(unreach-call)	445.464636914	397.59417046300223	2083.688448	cloud-23933	TIMEOUT	990.47193286	943.1414456210005	1856.884736	cloud-23933	TIMEOUT	990.552810368	938.5985107270026	1619.939328	cloud-24276
eca-rers2012/Problem14_label38.yml	true	true	210.753019309	171.0452155669991	1730.043904	cloud-23933	TIMEOUT	992.01228286	567.1944300289997	2543.394816	cloud-24259	true	208.652029194	171.3305846559997	1841.668096	cloud-23979
eca-rers2012/Problem14_label39.yml	false	false(unreach-call)	230.595507166	189.61004860699904	2149.629952	cloud-24261	TIMEOUT	990.637719104	928.3238452799997	1766.531072	cloud-23933	TIMEOUT	990.690013444	925.1312155089981	2541.887488	cloud-24276
eca-rers2012/Problem14_label40.yml	false	false(unreach-call)	270.830931699	226.8689147490004	1884.798976	cloud-24261	TIMEOUT	990.509750749	935.138886507	1674.956800	cloud-23979	TIMEOUT	990.573643126	934.2255784790032	1596.743680	cloud-24276
eca-rers2012/Problem14_label41.yml	false	false(unreach-call)	410.929228355	370.44150570700003	2302.513152	cloud-23979	TIMEOUT	990.542547654	942.8619078039992	2039.123968	cloud-23933	TIMEOUT	990.716262223	934.3888969889995	2250.330112	cloud-24276
eca-rers2012/Problem14_label43.yml	false	false(unreach-call)	347.104667086	299.60247613200045	2285.203456	cloud-23933	TIMEOUT	990.511289237	944.9196924400003	2013.188096	cloud-24259	TIMEOUT	990.762518631	926.6131705650005	2335.592448	cloud-23933
eca-rers2012/Problem14_label44.yml	false	false(unreach-call)	425.85602325	380.31353391000084	2184.667136	cloud-23979	TIMEOUT	990.514978417	943.4290829639999	1702.391808	cloud-23933	TIMEOUT	990.561341082	940.0252251069978	1809.195008	cloud-24276
eca-rers2012/Problem14_label47.yml	true	true	223.790856861	186.0965761189982	1499.045888	cloud-23933	true	481.605499936	361.93590611699983	2474.434560	cloud-23979	TIMEOUT	990.576457189	939.3302159000013	1852.006400	cloud-24276
eca-rers2012/Problem14_label49.yml	true	true	248.799894695	209.60544747600215	1607.340032	cloud-23933	TIMEOUT	990.562283133	942.7392149129992	1726.554112	cloud-23979	true	569.670759589	414.31587844000023	2534.617088	cloud-23979
eca-rers2012/Problem14_label50.yml	true	true	580.815181583	544.572560605	1631.739904	cloud-23979	TIMEOUT	990.578428035	941.1333956499984	1894.006784	cloud-23933	TIMEOUT	990.585254458	936.1445826669988	1850.990592	cloud-24276
eca-rers2012/Problem14_label52.yml	false	false(unreach-call)	358.326650516	311.98272540900143	2099.261440	cloud-23933	TIMEOUT	990.529918844	927.9128476930018	2223.808512	cloud-23979	TIMEOUT	990.496691634	943.7966062339983	1791.254528	cloud-23979
eca-rers2012/Problem14_label54.yml	false	false(unreach-call)	397.77558478	355.8239415629996	2338.234368	cloud-23979	TIMEOUT	990.508166039	941.3014793349998	1876.942848	cloud-23933	TIMEOUT	990.556945745	936.0473488140051	1597.673472	cloud-23933
eca-rers2012/Problem14_label55.yml	true	true	443.077524696	406.34662622699943	1431.715840	cloud-24261	TIMEOUT	990.386439712	945.369154068	1608.749056	cloud-24259	TIMEOUT	991.091314081	937.2437464030008	1601.523712	cloud-23933
eca-rers2012/Problem14_label56.yml	false	false(unreach-call)	272.949960274	228.54242075099955	2198.507520	cloud-24261	TIMEOUT	990.518004615	938.7906328170002	1664.892928	cloud-23933	TIMEOUT	990.487889076	939.4163685319982	1819.525120	cloud-24276
eca-rers2012/Problem15_label03.yml	false	false(unreach-call)	447.705252941	388.84352168099576	3728.474112	cloud-23979	TIMEOUT	991.115902388	905.1991895840001	5285.351424	cloud-23933	false(unreach-call)	470.200049762	405.76259894500254	4701.245440	cloud-23933
eca-rers2012/Problem15_label09.yml	false	false(unreach-call)	463.804463667	405.09739822400115	4284.149760	cloud-23979	TIMEOUT	990.93495924	912.5575016419989	4655.054848	cloud-23933	TIMEOUT	991.101756064	904.3785411760036	5493.710848	cloud-23933
eca-rers2012/Problem15_label14.yml	false	false(unreach-call)	650.06918323	592.7479207850001	4502.790144	cloud-24261	TIMEOUT	991.074002593	911.3926198230001	5941.735424	cloud-23979	TIMEOUT	991.516708928	889.2141546159983	5236.641792	cloud-24276
eca-rers2012/Problem15_label25.yml	false	TIMEOUT (false(unreach-call))	928.383009702	850.5480176439996	4571.287552	cloud-23933	TIMEOUT	990.892963445	920.2094066259997	5063.184384	cloud-23933	TIMEOUT	991.082059229	927.6355644629984	4827.156480	cloud-23933
eca-rers2012/Problem15_label30.yml	false	false(unreach-call)	499.106183392	441.9541846059983	4439.916544	cloud-23979	TIMEOUT	990.913512741	911.2623904799993	4594.511872	cloud-24259	TIMEOUT	991.083863275	913.9922046549982	4931.948544	cloud-23933
eca-rers2012/Problem15_label31.yml	true	TIMEOUT (true)	988.934895157	929.5028197610009	4311.863296	cloud-23979	TIMEOUT	990.923884209	920.5704880970006	4745.334784	cloud-24259	TIMEOUT	990.962740701	914.6400283020012	4783.181824	cloud-23933
eca-rers2012/Problem15_label33.yml	false	false(unreach-call)	574.250864872	511.51105834400005	4258.738176	cloud-24261	TIMEOUT	990.788517278	916.1254647019996	5211.918336	cloud-23979	TIMEOUT	991.155749989	899.2329909460022	5054.046208	cloud-24276
eca-rers2012/Problem15_label38.yml	false	false(unreach-call)	712.353918677	649.6731889289999	4403.613696	cloud-24261	TIMEOUT	990.928474766	917.1455969729977	3943.219200	cloud-23933	TIMEOUT	990.821771868	922.5595774610119	3763.302400	cloud-24261
eca-rers2012/Problem15_label45.yml	false	false(unreach-call)	338.661034426	296.1794301049995	4297.814016	cloud-23941	TIMEOUT	991.031410855	903.4926521140005	5406.703616	cloud-23979	TIMEOUT	990.781714792	917.6145913219989	3579.162624	cloud-23979
eca-rers2012/Problem15_label47.yml	false	false(unreach-call)	496.656962538	437.0950483180022	4515.135488	cloud-23979	TIMEOUT	990.86092083	920.2510360300003	3521.449984	cloud-23933	TIMEOUT	990.97544767	904.6556921349984	5351.198720	cloud-23933
eca-rers2012/Problem15_label51.yml	false	false(unreach-call)	669.020221762	598.1284605729998	3622.338560	cloud-23933	TIMEOUT	990.945081032	905.6136966209997	3941.036032	cloud-23933	TIMEOUT	990.976821882	914.6612878729939	4820.033536	cloud-24261
eca-rers2012/Problem16_label11.yml	true	true	436.54932875	384.87041409200174	2877.902848	cloud-23979	TIMEOUT	990.673267125	649.7642572909972	4205.547520	cloud-23933	TIMEOUT	990.992084211	913.9409337539983	4116.619264	cloud-24276
eca-rers2012/Problem16_label12.yml	true	true	445.090611918	394.22556043999793	3597.062144	cloud-23933	TIMEOUT	990.953184971	907.2833501559999	3622.109184	cloud-23979	TIMEOUT	992.528366905	672.2032009289978	4163.248128	cloud-23933
eca-rers2012/Problem16_label47.yml	true	true	344.885478998	293.2470820439994	3410.608128	cloud-23933	TIMEOUT	991.404798027	610.7745047660028	3471.966208	cloud-23979	true	290.195307733	244.85429983900394	3817.914368	cloud-24261
eca-rers2012/Problem16_label50.yml	true	true	359.509009144	307.5182029440002	3322.003456	cloud-23933	TIMEOUT	991.412082927	590.3874049939996	4241.117184	cloud-24259	true	313.347352296	269.3577264170017	3319.472128	cloud-24261
eca-rers2012/Problem16_label55.yml	true	true	402.059697202	360.08667289000005	3349.786624	cloud-23940	TIMEOUT	990.829151562	919.6817004629993	3725.475840	cloud-23979	TIMEOUT	990.733562839	921.0919710339986	3131.367424	cloud-23979
eca-rers2012/Problem16_label56.yml	true	true	464.68514258	415.31424127899663	3664.490496	cloud-24261	TIMEOUT	992.496717532	696.0172763690007	4544.548864	cloud-23979	TIMEOUT	992.364204874	672.3277323770017	3441.426432	cloud-24261
eca-rers2012/Problem16_label57.yml	true	true	483.031714715	435.0027383609995	3753.152512	cloud-23979	TIMEOUT	990.769543129	924.5476253480001	4678.340608	cloud-24259	TIMEOUT	990.773991604	924.8148840819922	3904.573440	cloud-24261
eca-rers2012/Problem16_label58.yml	true	true	470.010942075	419.85187504500027	2860.597248	cloud-24261	TIMEOUT	990.759387746	919.4038477270005	3086.647296	cloud-23933	TIMEOUT	992.313865133	699.3540519540002	3846.975488	cloud-24276
eca-rers2012/Problem16_label59.yml	true	true	570.460377004	521.583858379001	2979.958784	cloud-24261	TIMEOUT	990.741421881	925.8118962190006	3051.237376	cloud-23933	TIMEOUT	990.581992492	773.6953161609999	4212.723712	cloud-23979
eca-rers2012/Problem19_label00.yml	true	OUT OF MEMORY	452.37230338	328.4577270150003	15000.035328	cloud-24276	OUT OF MEMORY	850.543550541	666.7420288369995	15000.043520	cloud-23979	TIMEOUT	992.660008751	635.368118052007	13653.143552	cloud-24261
eca-rers2012/Problem19_label03.yml	true	TIMEOUT	992.010756376	651.843945521	12944.887808	cloud-24276	TIMEOUT	992.385435787	630.1864672400006	13670.162432	cloud-23979	OUT OF MEMORY	794.358495245	547.6534548760028	15000.043520	cloud-23979
eca-rers2012/Problem19_label04.yml	true	TIMEOUT	992.244763896	611.327310263001	12924.567552	cloud-23979	OUT OF MEMORY	483.599042249	327.23033260300144	15000.162304	cloud-23944	TIMEOUT	991.557866471	603.1340725390182	13961.293824	cloud-23941
eca-rers2012/Problem19_label06.yml	true	TIMEOUT	991.730934937	802.4999570740001	13711.941632	cloud-23933	OUT OF MEMORY	682.74703917	505.6300031790006	15000.166400	cloud-23943	OUT OF MEMORY	626.997970258	442.3109384929994	15000.047616	cloud-23933
eca-rers2012/Problem19_label08.yml	true	TIMEOUT	991.401188657	635.6760184950108	13691.662336	cloud-24261	TIMEOUT	992.206168699	633.4091469640007	13662.867456	cloud-23942	OUT OF MEMORY	898.585926406	712.7032502540096	15000.166400	cloud-23943
eca-rers2012/Problem19_label10.yml	false	TIMEOUT	992.287348028	818.3571139640007	14950.850560	cloud-23933	OUT OF MEMORY	415.905806842	300.7388640019999	15000.043520	cloud-23979	TIMEOUT	993.278507494	619.5234762019973	14965.579776	cloud-23979
eca-rers2012/Problem19_label12.yml	true	TIMEOUT	991.865297858	604.0312630059998	13986.664448	cloud-23933	OUT OF MEMORY	747.281953542	499.7518316530004	15000.031232	cloud-23933	TIMEOUT	991.29759408	748.9304363860065	14953.582592	cloud-24276
eca-rers2012/Problem19_label13.yml	true	TIMEOUT	992.866821326	617.9218702299986	13690.163200	cloud-24276	TIMEOUT	991.062896665	747.1166298080007	14909.444096	cloud-23933	OUT OF MEMORY	486.362452228	328.3442252250097	15000.166400	cloud-23939
eca-rers2012/Problem19_label14.yml	false	TIMEOUT	991.73033972	638.6450845470026	12844.187648	cloud-24276	TIMEOUT	992.472595596	643.2106598379996	12968.898560	cloud-24259	OUT OF MEMORY	846.148889764	639.7242360159871	15000.170496	cloud-23941
eca-rers2012/Problem19_label18.yml	false	TIMEOUT	993.122570035	627.9769968219989	13698.486272	cloud-23933	OUT OF MEMORY	605.47800968	423.9642351340008	15000.047616	cloud-23933	OUT OF MEMORY	634.801931126	450.00410390899924	15000.043520	cloud-23979
eca-rers2012/Problem19_label20.yml	true	TIMEOUT	992.885860139	623.8675970660006	13690.101760	cloud-24276	TIMEOUT	991.893047376	777.7489670260002	14926.417920	cloud-24259	OUT OF MEMORY	805.336440161	617.5105634290085	15000.170496	cloud-23942
eca-rers2012/Problem19_label22.yml	false	TIMEOUT	992.595942246	626.5231071860035	14040.760320	cloud-24261	TIMEOUT	991.552510809	790.0477502220001	14991.478784	cloud-23943	OUT OF MEMORY	835.830298973	654.034005102003	15000.170496	cloud-23942
eca-rers2012/Problem19_label23.yml	true	TIMEOUT	991.222192659	662.9303343270003	14935.322624	cloud-23979	OUT OF MEMORY	722.660040333	477.4860808370004	15000.047616	cloud-23979	TIMEOUT	991.912532748	633.0875934369978	13655.404544	cloud-23941
eca-rers2012/Problem19_label29.yml	false	TIMEOUT	991.865390532	608.9385347189964	13774.082048	cloud-23940	TIMEOUT	992.852027634	624.7579106390003	13683.388416	cloud-23979	OUT OF MEMORY	580.673838842	410.27437679400464	15000.039424	cloud-23933
eca-rers2012/Problem19_label30.yml	true	OUT OF MEMORY	342.71267152	238.51586600100563	15000.043520	cloud-24261	TIMEOUT	992.061246332	636.311777462	13699.682304	cloud-24259	TIMEOUT	992.091568368	719.8759921370001	14915.813376	cloud-24276
eca-rers2012/Problem19_label31.yml	false	OUT OF MEMORY	580.136811046	382.945667011998	15000.166400	cloud-23942	TIMEOUT	992.695266473	615.067891687002	12777.664512	cloud-23940	TIMEOUT	991.504620966	618.9529754199903	14067.904512	cloud-23939
eca-rers2012/Problem19_label33.yml	true	TIMEOUT	991.493567565	623.3358529360121	13721.419776	cloud-23943	OUT OF MEMORY	519.447174707	361.26470549400005	15000.170496	cloud-23944	TIMEOUT	992.954210155	633.2377684860039	14922.240000	cloud-23979
eca-rers2012/Problem19_label37.yml	true	TIMEOUT	992.008968552	625.2568702350109	13724.520448	cloud-23942	OUT OF MEMORY	842.921541789	637.524509513998	15000.174592	cloud-23941	TIMEOUT	991.8532706	610.2547009499976	13708.599296	cloud-23939
eca-rers2012/Problem19_label38.yml	true	TIMEOUT	993.166669695	621.8197515279899	13741.658112	cloud-24261	OUT OF MEMORY	865.170072007	640.1196864150006	15000.035328	cloud-23979	TIMEOUT	992.738254859	620.6142090520007	13611.376640	cloud-23942
eca-rers2012/Problem19_label39.yml	true	TIMEOUT	992.681720166	612.0080621800007	12815.572992	cloud-23942	TIMEOUT	992.358775309	634.8794462799997	13680.779264	cloud-24259	OUT OF MEMORY	669.034617565	450.6225858950056	15000.047616	cloud-24261
eca-rers2012/Problem19_label40.yml	true	TIMEOUT	991.754703793	628.4213910529998	13668.388864	cloud-23933	OUT OF MEMORY	608.211163628	432.2247996060032	15000.039424	cloud-23933	TIMEOUT	993.12360638	642.6091829659999	12967.223296	cloud-24276
eca-rers2012/Problem19_label41.yml	false	TIMEOUT	992.817721968	626.0855898359996	13727.424512	cloud-23933	OUT OF MEMORY	847.673171639	645.2365532010008	15000.162304	cloud-23943	OUT OF MEMORY	775.145073002	580.1417272799881	15000.162304	cloud-23939
eca-rers2012/Problem19_label42.yml	false	TIMEOUT	992.484166207	617.9974885849952	13753.094144	cloud-23942	OUT OF MEMORY	660.937841122	468.4402556500004	15000.170496	cloud-23939	TIMEOUT	991.010118043	608.3717095649918	12817.891328	cloud-23944
eca-rers2012/Problem19_label44.yml	true	TIMEOUT	992.854524243	623.2801474190055	13705.936896	cloud-24261	OUT OF MEMORY	538.822157473	374.4671292390012	15000.047616	cloud-23979	TIMEOUT	960.006337195	745.8216642960033	15000.158208	cloud-23944
eca-rers2012/Problem19_label47.yml	false	TIMEOUT	993.265891784	628.3755781620002	14927.241216	cloud-23933	OUT OF MEMORY	410.070192432	307.143501841	15000.047616	cloud-24259	TIMEOUT	991.765931821	614.53358952899	13674.795008	cloud-23943
eca-rers2012/Problem19_label53.yml	false	TIMEOUT	991.721753344	605.7481604799978	12627.795968	cloud-24261	TIMEOUT	993.412218106	680.0473796499991	13679.353856	cloud-24259	OUT OF MEMORY	812.984149753	604.3219171379897	15000.170496	cloud-23939
eca-rers2012/Problem19_label54.yml	true	TIMEOUT	992.374068354	639.6916602780002	13737.136128	cloud-23933	OUT OF MEMORY	724.993430995	489.58818974099904	15000.051712	cloud-24259	OUT OF MEMORY	547.138849909	382.34570721699856	15000.047616	cloud-23979
eca-rers2012/Problem19_label55.yml	false	TIMEOUT	992.225479837	631.3057403010025	14088.196096	cloud-23979	TIMEOUT	992.676337446	620.5224863170006	13694.050304	cloud-23944	OUT OF MEMORY	548.164593912	376.1404509589993	15000.047616	cloud-24276
eca-rers2012/Problem19_label57.yml	true	TIMEOUT	991.360510539	623.1466929319995	13734.375424	cloud-24276	TIMEOUT	991.613800119	787.7097578659996	14999.658496	cloud-23943	OUT OF MEMORY	797.200401818	586.7353585540113	15000.170496	cloud-23942
eca-rers2018/Problem17.yml	false	TIMEOUT	956.639714085	671.3087964639999	15000.039424	cloud-23979	TIMEOUT	922.108421046	640.6662472669996	15000.035328	cloud-24259	OUT OF MEMORY	783.576556611	548.4610028820025	15000.158208	cloud-23943
