tool		Theta 6.17.6	Theta 6.17.6	Theta 6.17.6	Theta 6.17.6	Theta 6.17.6	Theta 6.17.6	Theta 6.17.6	Theta 6.17.6	Theta 6.17.6	Theta 6.17.6
run set		PredCart(100, true, true) -> KInd().SV-COMP25_unreach-call	PredCart(100, true, true) -> KInd().SV-COMP25_unreach-call	PredCart(100, true, true) -> KInd().SV-COMP25_unreach-call	PredCart(100, true, true) -> KInd().SV-COMP25_unreach-call	PredCart(100, true, true) -> KInd().SV-COMP25_unreach-call	PredCart(100, true) -> KInd().SV-COMP25_unreach-call	PredCart(100, true) -> KInd().SV-COMP25_unreach-call	PredCart(100, true) -> KInd().SV-COMP25_unreach-call	PredCart(100, true) -> KInd().SV-COMP25_unreach-call	PredCart(100, true) -> KInd().SV-COMP25_unreach-call
sv-benchmarks/c/		status	cputime (s)	walltime (s)	memory (MB)	host	status	cputime (s)	walltime (s)	memory (MB)	host
locks/test_locks_14-1.yml	true	TIMEOUT (true)	900.258294173	875.4459578089991	1405.202432	cloud-24259	TIMEOUT	990.316685671	961.0472279380192	696.836096	cloud-23933
locks/test_locks_15-2.yml	true	TIMEOUT (ERROR (inner timeout, after parsing finished))	976.265757057	951.0084841729995	701.206528	cloud-23933	TIMEOUT	990.351369018	957.1702672700048	691.929088	cloud-24259
loops/count_up_down-1.yml	true	TIMEOUT (ERROR (inner timeout, after parsing finished))	937.187510458	922.5192188520014	697.004032	cloud-24259	TIMEOUT	990.458991822	961.4015853730089	1771.020288	cloud-23979
loops/eureka_05.yml	true	TIMEOUT	991.479047111	520.0018158650018	2093.989888	cloud-23933	ERROR (server error, after parsing finished)	373.527279856	213.0811746279942	2116.345856	cloud-23933
loops/string-2.yml	false	ERROR (server error, after parsing finished)	30.241451474	18.188323243000923	577.921024	cloud-23979	ERROR (generic error, after parsing finished)	41.416660927	26.618216314993333	554.811392	cloud-24260
loops/sum03-1.yml	false	TIMEOUT	990.290921208	973.2377341310021	602.841088	cloud-23979	TIMEOUT (false(unreach-call))	947.704962592	924.1985205899982	721.453056	cloud-24260
loops/sum03-2.yml	true	true	236.093443165	222.87013902800027	590.200832	cloud-23933	ERROR (generic error, after parsing finished)	34.293626689	22.18646393797826	599.805952	cloud-23979
loop-acceleration/array_1-1.yml	false	ERROR (server error, after parsing finished)	133.779816712	112.63233204399876	704.675840	cloud-23933	ERROR (generic error, after parsing finished)	143.666990318	119.03515462597716	685.731840	cloud-24260
loop-acceleration/array_1-2.yml	true	ERROR (server error, after parsing finished)	134.95582988	112.3642434379999	683.048960	cloud-23979	ERROR (generic error, after parsing finished)	139.39740118	117.07048769500398	646.352896	cloud-24259
loop-acceleration/array_2-2-simple.yml	true	ERROR (server error, after parsing finished)	139.386171984	115.76383151999835	766.369792	cloud-24259	ERROR (generic error, after parsing finished)	152.742673925	123.0937434840016	718.188544	cloud-24260
loop-acceleration/array_2-2.yml	true	ERROR (server error, after parsing finished)	139.460213738	115.56489576899912	1224.613888	cloud-24259	ERROR (generic error, after parsing finished)	144.091879431	119.34404138699756	1232.949248	cloud-23933
loop-acceleration/array_3-2.yml	false	ERROR (server error, after parsing finished)	136.492676175	113.90502220000053	726.990848	cloud-23933	ERROR (generic error, after parsing finished)	149.498605018	122.42082691099495	742.531072	cloud-24260
loop-acceleration/array_4.yml	true	ERROR (server error, after parsing finished)	136.725081707	114.20729105800274	757.288960	cloud-23979	ERROR (generic error, after parsing finished)	137.277232449	115.44752788601909	721.297408	cloud-23933
loop-acceleration/functions_1-1.yml	true	true	54.920634511	41.311282181000024	626.561024	cloud-23933	TIMEOUT	990.264836956	972.0979320660117	573.542400	cloud-23979
loop-acceleration/functions_1-2.yml	false	TIMEOUT (ERROR (inner timeout, after parsing finished))	931.678418147	916.292223663	710.684672	cloud-24259	TIMEOUT	990.340985631	969.4866821540054	717.516800	cloud-23933
loop-invgen/seq-3.yml	true	TIMEOUT	990.288272171	966.3496361889993	797.876224	cloud-23933	ERROR (generic error, after parsing finished)	148.965356133	124.82933458700427	816.660480	cloud-23933
loop-lit/gr2006.yml	true	true	569.214804752	544.2849393469987	743.030784	cloud-23933	TIMEOUT	990.585194169	954.4053528219811	2007.896064	cloud-23933
loop-new/count_by_1.yml	true	true	132.672094823	112.78331248999984	687.505408	cloud-23933	ERROR (generic error, after parsing finished)	135.990294136	115.8084967219911	672.706560	cloud-23979
loop-new/count_by_2.yml	true	TIMEOUT	990.527437391	951.9209797680014	1861.820416	cloud-23933	ERROR (generic error, after parsing finished)	138.162230884	117.31059524999	657.989632	cloud-24259
loops-crafted-1/Mono3_1.yml	false	TIMEOUT (ERROR (inner timeout, after parsing finished))	968.983074876	949.978061373	617.377792	cloud-23979	TIMEOUT	990.308156421	968.5453608080279	655.855616	cloud-23979
loops-crafted-1/in-de31.yml	true	ERROR (generic error, after parsing finished)	305.523994085	249.1816552700002	2037.903360	cloud-24259	TIMEOUT	990.354194152	962.1026496140112	1752.150016	cloud-23933
loops-crafted-1/in-de51.yml	true	ERROR (generic error, after parsing finished)	124.04538209	67.75590836699848	2031.853568	cloud-24259	TIMEOUT	990.918797147	806.1956246990012	2034.094080	cloud-24259
loops-crafted-1/mono-crafted_1.yml	true	TIMEOUT	990.371760234	962.9595968040012	1015.877632	cloud-23933	ERROR (generic error, after parsing finished)	159.220725773	135.91416660498362	685.547520	cloud-23979
loops-crafted-1/mono-crafted_13.yml	true	TIMEOUT	990.324348873	961.9185800749999	905.273344	cloud-23933	ERROR (generic error, after parsing finished)	158.736551653	134.03422643398517	733.757440	cloud-23933
loops-crafted-1/mono-crafted_3.yml	true	TIMEOUT	990.415975905	962.1727627239998	936.075264	cloud-23979	ERROR (generic error, after parsing finished)	164.114800151	141.30357762300991	705.536000	cloud-23933
loops-crafted-1/nested3-1.yml	true	TIMEOUT	990.250498237	972.7153206859998	640.716800	cloud-23933	true	184.97697672	168.58443640798214	637.640704	cloud-23979
loops-crafted-1/nested3-1_abstracted.yml	true	TIMEOUT (ERROR (inner timeout, after parsing finished))	929.447837778	913.2692323720003	657.924096	cloud-23933	true	58.152745658	39.476929723023204	803.532800	cloud-23979
loops-crafted-1/sum_by_3_abstracted.yml	true	TIMEOUT	990.277689415	970.6182794680003	595.378176	cloud-23979	true	363.587220729	343.1904340070032	898.633728	cloud-24260
loops-crafted-1/sumt8.yml	true	TIMEOUT (ERROR (inner timeout, after parsing finished))	929.621754827	913.6090537269993	711.823360	cloud-24259	TIMEOUT	990.359530477	965.1546979959967	684.560384	cloud-24260
loop-simple/nested_4.yml	true	TIMEOUT	990.347715278	963.8500752569998	779.243520	cloud-23933	true	205.513736607	184.6597829950042	1444.659200	cloud-24259
loop-simple/nested_5.yml	true	TIMEOUT	990.321485321	962.7390056380001	716.324864	cloud-23979	true	253.365508921	221.1512294030108	1567.625216	cloud-24260
loop-zilu/benchmark23_conjunctive.yml	true	true	150.694198052	126.89953292499922	672.821248	cloud-23979	ERROR (generic error, after parsing finished)	136.051149485	114.6066994019784	685.113344	cloud-23933
nla-digbench/divbin2.yml	true	TIMEOUT (ERROR (inner timeout, after parsing finished))	931.175597464	916.5646968299989	634.535936	cloud-23979	TIMEOUT	990.285854862	974.4598839050159	644.120576	cloud-23933
nla-digbench/egcd-ll.yml	true	true	253.950052744	236.700135714	668.614656	cloud-23933	ERROR (solver error, after parsing finished)	365.056020319	341.32537529000547	668.098560	cloud-24259
nla-digbench/egcd2-ll.yml	true	ERROR (solver error, after parsing finished)	31.57001326	18.12443702499877	648.708096	cloud-23933	TIMEOUT (ERROR (solver error, after parsing finished))	938.813054924	923.0364960680017	663.138304	cloud-24259
nla-digbench/egcd3-ll.yml	true	TIMEOUT (ERROR (inner timeout, after parsing finished))	938.102169825	917.6265506140003	651.595776	cloud-23979	TIMEOUT	990.28271181	965.9287952099985	664.604672	cloud-24259
nla-digbench/geo1-ll.yml	true	ERROR (solver error, after parsing finished)	775.844632649	762.5945900769984	603.013120	cloud-23933	TIMEOUT (ERROR (solver error, after parsing finished))	967.856553536	951.1152612110018	573.599744	cloud-23933
nla-digbench/hard-ll.yml	true	TIMEOUT (ERROR (inner timeout, after parsing finished))	934.966242726	915.598825309	679.866368	cloud-23933	TIMEOUT	990.262832833	970.1696581599972	641.552384	cloud-24259
nla-digbench/lcm1.yml	true	TIMEOUT (ERROR (inner timeout, after parsing finished))	925.091125902	910.7811777239999	594.067456	cloud-24259	TIMEOUT	990.303358862	972.8678593109944	630.644736	cloud-24259
nla-digbench/prodbin-ll.yml	true	TIMEOUT (ERROR (inner timeout, after parsing finished))	925.504947128	910.4507498929997	622.256128	cloud-24259	TIMEOUT	990.300585842	973.829112848005	638.472192	cloud-23979
nla-digbench/ps5-ll.yml	true	TIMEOUT (ERROR (inner timeout, after parsing finished))	933.735168233	914.0358397170003	787.767296	cloud-23979	TIMEOUT	990.352259335	968.9040499269904	782.807040	cloud-23979
nla-digbench-scaling/cohencu-ll_unwindbound1.yml	false	TIMEOUT (ERROR (solver error, after parsing finished))	966.715857796	947.7891472640003	699.682816	cloud-24259	TIMEOUT	990.287591062	970.4563725079934	797.589504	cloud-24261
nla-digbench-scaling/cohencu-ll_unwindbound5.yml	false	ERROR (solver error, after parsing finished)	878.090266817	856.5245451290011	715.161600	cloud-23979	TIMEOUT (ERROR (solver error, after parsing finished))	911.19268154	890.8386325869942	691.908608	cloud-23979
nla-digbench-scaling/cohencu-ll_valuebound5.yml	true	TIMEOUT (ERROR (inner timeout, after parsing finished))	977.367620548	959.240213435	676.651008	cloud-24259	TIMEOUT	990.266454493	969.7105255240167	730.697728	cloud-23979
nla-digbench-scaling/cohencu-ll_valuebound50.yml	true	TIMEOUT (ERROR (inner timeout, after parsing finished))	980.905602853	961.6452285759988	675.954688	cloud-23933	TIMEOUT	990.361929454	965.1827631729975	676.904960	cloud-24260
nla-digbench-scaling/divbin2_unwindbound10.yml	true	TIMEOUT (ERROR (inner timeout, after parsing finished))	957.144873675	941.0042181270001	602.337280	cloud-23933	TIMEOUT	990.297452085	971.978397903993	589.258752	cloud-24260
nla-digbench-scaling/divbin2_unwindbound100.yml	true	TIMEOUT (ERROR (inner timeout, after parsing finished))	978.951308681	966.0709032489995	662.368256	cloud-24259	TIMEOUT	990.310605749	973.0928844429873	635.686912	cloud-24260
nla-digbench-scaling/divbin2_unwindbound2.yml	true	TIMEOUT (ERROR (inner timeout, after parsing finished))	930.419247377	915.1833386790004	717.590528	cloud-23933	TIMEOUT	990.31596394	972.0556125360017	710.922240	cloud-24260
nla-digbench-scaling/divbin2_unwindbound5.yml	true	TIMEOUT (ERROR (inner timeout, after parsing finished))	929.216964854	914.9339909400005	593.780736	cloud-23979	TIMEOUT	990.304686822	972.4288981449936	610.213888	cloud-24260
nla-digbench-scaling/divbin2_valuebound100.yml	true	TIMEOUT (ERROR (inner timeout, after parsing finished))	944.556381799	928.1607074359999	657.485824	cloud-23979	TIMEOUT	990.290756735	975.2384815879923	630.476800	cloud-23979
nla-digbench-scaling/divbin2_valuebound2.yml	true	TIMEOUT (ERROR (inner timeout, after parsing finished))	974.23943281	956.136001588	666.447872	cloud-23933	TIMEOUT	990.281822595	973.7115746510099	668.663808	cloud-23979
nla-digbench-scaling/divbin2_valuebound20.yml	true	TIMEOUT (ERROR (inner timeout, after parsing finished))	948.657012708	932.5157022559979	675.524608	cloud-24259	TIMEOUT	990.28942853	974.408646515003	619.184128	cloud-24259
nla-digbench-scaling/divbin2_valuebound5.yml	true	TIMEOUT (ERROR (inner timeout, after parsing finished))	928.934310935	915.277940255999	666.619904	cloud-24259	TIMEOUT	990.275780203	976.5742457610031	650.088448	cloud-24259
nla-digbench-scaling/divbin_unwindbound1.yml	true	TIMEOUT (ERROR (inner timeout, after parsing finished))	962.802300041	944.5206488170006	679.272448	cloud-23979	TIMEOUT	990.283110613	971.5229543230089	675.057664	cloud-24260
nla-digbench-scaling/divbin_valuebound1.yml	true	TIMEOUT (ERROR (inner timeout, after parsing finished))	927.128260995	911.6208760480004	672.239616	cloud-23933	TIMEOUT	990.232802071	975.4922207809868	592.613376	cloud-23942
nla-digbench-scaling/divbin_valuebound10.yml	true	TIMEOUT (ERROR (inner timeout, after parsing finished))	942.76061853	926.7993432519997	649.740288	cloud-23933	TIMEOUT	990.358457391	969.9804831850051	683.053056	cloud-24260
nla-digbench-scaling/divbin_valuebound100.yml	true	ERROR (solver error, after parsing finished)	809.610104365	792.7191976080003	609.492992	cloud-23933	TIMEOUT	990.205787805	972.656286145997	592.244736	cloud-24259
nla-digbench-scaling/divbin_valuebound2.yml	true	ERROR (solver error, after parsing finished)	833.250026837	817.3206681350002	633.913344	cloud-24259	TIMEOUT	990.319384938	968.8970160780009	597.786624	cloud-24260
nla-digbench-scaling/egcd-ll_unwindbound100.yml	false	TIMEOUT (ERROR (solver error, after parsing finished))	962.748584957	943.8217628330021	667.766784	cloud-23933	TIMEOUT	990.294033297	968.727541567001	680.943616	cloud-23933
nla-digbench-scaling/egcd-ll_unwindbound50.yml	false	TIMEOUT (ERROR (inner timeout, after parsing finished))	982.586708809	964.4510151939994	660.934656	cloud-23933	ERROR (solver error, after parsing finished)	561.38907595	542.040353962002	679.178240	cloud-24260
nla-digbench-scaling/egcd2-ll_unwindbound10.yml	false	TIMEOUT (ERROR (inner timeout, after parsing finished))	927.74669819	911.4266678940003	675.352576	cloud-23979	TIMEOUT	990.296289056	967.3593398509984	631.042048	cloud-24260
nla-digbench-scaling/egcd2-ll_unwindbound100.yml	false	TIMEOUT (ERROR (inner timeout, after parsing finished))	933.598114564	913.1243636600002	656.732160	cloud-23933	TIMEOUT	990.244837798	969.9209750790033	634.867712	cloud-24259
nla-digbench-scaling/egcd2-ll_unwindbound20.yml	false	TIMEOUT (ERROR (inner timeout, after parsing finished))	928.085888765	911.3658444500002	660.467712	cloud-24259	TIMEOUT	990.281263967	967.1653907919972	680.615936	cloud-24260
nla-digbench-scaling/egcd2-ll_unwindbound5.yml	false	TIMEOUT (ERROR (inner timeout, after parsing finished))	934.272401339	914.0270300799998	660.807680	cloud-23979	TIMEOUT	990.314063165	968.5928650209971	674.676736	cloud-23933
nla-digbench-scaling/egcd2-ll_unwindbound50.yml	false	TIMEOUT (ERROR (inner timeout, after parsing finished))	931.311370958	913.4355661789996	632.037376	cloud-24259	TIMEOUT	990.317189012	968.0938308320037	598.175744	cloud-24260
nla-digbench-scaling/egcd2-ll_valuebound1.yml	true	TIMEOUT (ERROR (inner timeout, after parsing finished))	940.018116179	917.5743888360012	673.624064	cloud-23979	ERROR (solver error, after parsing finished)	686.458992526	661.624451620999	658.280448	cloud-24260
nla-digbench-scaling/egcd2-ll_valuebound10.yml	true	TIMEOUT (ERROR (inner timeout, after parsing finished))	937.147405701	914.98503738	716.587008	cloud-23979	ERROR (solver error, after parsing finished)	245.511029902	228.70950999500928	640.638976	cloud-24259
nla-digbench-scaling/egcd2-ll_valuebound100.yml	true	TIMEOUT (ERROR (inner timeout, after parsing finished))	928.261327403	912.2557777069997	776.998912	cloud-24259	TIMEOUT	990.274442163	968.830665535992	681.660416	cloud-24261
nla-digbench-scaling/egcd2-ll_valuebound2.yml	true	TIMEOUT (ERROR (inner timeout, after parsing finished))	932.851376644	913.9745223820009	944.668672	cloud-23979	TIMEOUT	990.311035642	968.6215114279767	923.734016	cloud-23979
nla-digbench-scaling/egcd2-ll_valuebound20.yml	true	TIMEOUT (ERROR (inner timeout, after parsing finished))	932.395449916	913.1282154070004	761.245696	cloud-23933	TIMEOUT	990.27516033	970.6967901700118	686.854144	cloud-23979
nla-digbench-scaling/egcd2-ll_valuebound5.yml	true	TIMEOUT (ERROR (inner timeout, after parsing finished))	934.764938745	913.9903794590009	743.555072	cloud-23979	TIMEOUT	990.295977209	965.1211416970182	694.669312	cloud-24259
nla-digbench-scaling/egcd2-ll_valuebound50.yml	true	TIMEOUT (ERROR (inner timeout, after parsing finished))	934.695787013	914.2229510319994	753.487872	cloud-23979	TIMEOUT	990.309975154	965.2104838170053	683.859968	cloud-24260
nla-digbench-scaling/egcd3-ll_unwindbound5.yml	false	TIMEOUT (ERROR (inner timeout, after parsing finished))	933.256841705	915.6377760749965	661.991424	cloud-24259	ERROR (solver error, after parsing finished)	158.777078421	138.0891466049943	628.842496	cloud-24260
nla-digbench-scaling/egcd3-ll_valuebound1.yml	true	TIMEOUT (ERROR (inner timeout, after parsing finished))	936.643790003	916.707150794	602.476544	cloud-23933	TIMEOUT	990.240358682	967.2637948069896	628.080640	cloud-24259
nla-digbench-scaling/egcd3-ll_valuebound10.yml	true	TIMEOUT (ERROR (inner timeout, after parsing finished))	930.521590087	914.5370791829992	733.773824	cloud-24259	TIMEOUT	990.359716274	970.1556615870213	720.478208	cloud-23933
nla-digbench-scaling/egcd3-ll_valuebound100.yml	true	TIMEOUT (ERROR (inner timeout, after parsing finished))	934.914887997	915.80257845	711.380992	cloud-23933	TIMEOUT	990.316173847	969.3628409400117	698.527744	cloud-23933
nla-digbench-scaling/egcd3-ll_valuebound20.yml	true	TIMEOUT (ERROR (inner timeout, after parsing finished))	932.771400853	915.2806693480015	745.787392	cloud-23933	TIMEOUT	990.297366144	971.1661845829803	733.794304	cloud-23979
nla-digbench-scaling/egcd3-ll_valuebound5.yml	true	TIMEOUT (ERROR (inner timeout, after parsing finished))	933.795855008	915.0333586310007	722.448384	cloud-23933	TIMEOUT	990.322545477	969.4527559479757	719.560704	cloud-23933
nla-digbench-scaling/egcd3-ll_valuebound50.yml	true	TIMEOUT (ERROR (inner timeout, after parsing finished))	933.27840467	915.5607256399999	677.769216	cloud-23933	TIMEOUT	990.310366939	968.608980051009	725.094400	cloud-23979
nla-digbench-scaling/geo1-ll2_unwindbound1.yml	true	true	24.991964792	13.919485499000075	554.041344	cloud-24259	ERROR (solver error, after parsing finished)	35.667949082	22.6566354999959	556.900352	cloud-24259
nla-digbench-scaling/geo1-ll_unwindbound1.yml	true	TIMEOUT (ERROR (inner timeout, after parsing finished))	923.582167543	909.5886331590009	557.780992	cloud-23979	TIMEOUT	990.279183274	972.374811991991	571.789312	cloud-24260
nla-digbench-scaling/geo1-ll_unwindbound2.yml	true	TIMEOUT (ERROR (inner timeout, after parsing finished))	927.688038238	911.7290714740011	575.758336	cloud-23979	TIMEOUT	990.260866072	972.8448354830034	608.550912	cloud-24259
nla-digbench-scaling/geo2-ll_valuebound100.yml	true	TIMEOUT (ERROR (solver error, after parsing finished))	926.087728265	912.7585610739989	567.021568	cloud-24259	TIMEOUT	990.291138548	972.9444864469988	618.012672	cloud-23933
nla-digbench-scaling/geo2-ll_valuebound50.yml	true	TIMEOUT (ERROR (inner timeout, after parsing finished))	931.175491806	915.0001320789997	709.398528	cloud-23979	TIMEOUT	990.228027889	972.9861578919954	658.448384	cloud-24259
nla-digbench-scaling/geo3-ll_unwindbound2.yml	true	ERROR (solver error, after parsing finished)	828.781214427	815.794544542	580.374528	cloud-23933	TIMEOUT (ERROR (solver error, after parsing finished))	923.679118824	905.8792543320014	578.490368	cloud-24260
nla-digbench-scaling/geo3-ll_valuebound100.yml	true	TIMEOUT (ERROR (inner timeout, after parsing finished))	946.108481105	930.0567617659999	646.090752	cloud-23933	TIMEOUT	990.315034688	971.4919388720009	628.932608	cloud-23979
nla-digbench-scaling/geo3-ll_valuebound20.yml	true	TIMEOUT (ERROR (inner timeout, after parsing finished))	927.966698894	912.3239101880026	3635.683328	cloud-24259	TIMEOUT	990.425106983	975.2616816909867	3717.541888	cloud-23941
nla-digbench-scaling/hard-ll_unwindbound10.yml	false	TIMEOUT (ERROR (inner timeout, after parsing finished))	934.423270221	914.2130375199995	661.704704	cloud-23933	TIMEOUT	990.314594723	970.8395794620155	653.615104	cloud-24259
nla-digbench-scaling/hard-ll_unwindbound50.yml	false	TIMEOUT (ERROR (inner timeout, after parsing finished))	931.657231909	913.9423839940009	732.459008	cloud-24259	TIMEOUT	990.332461153	964.8854867820046	713.392128	cloud-24260
nla-digbench-scaling/hard-ll_valuebound1.yml	true	TIMEOUT (ERROR (inner timeout, after parsing finished))	930.916882798	912.9712091139995	728.723456	cloud-23979	TIMEOUT	990.296915867	976.146788921993	777.854976	cloud-24259
nla-digbench-scaling/hard-ll_valuebound10.yml	true	TIMEOUT (ERROR (inner timeout, after parsing finished))	931.93088942	913.752911347	760.901632	cloud-23933	TIMEOUT	990.311435814	971.1729031779978	785.956864	cloud-23933
nla-digbench-scaling/hard-ll_valuebound100.yml	true	TIMEOUT (ERROR (inner timeout, after parsing finished))	928.546224684	911.3151272199993	683.986944	cloud-23933	TIMEOUT	990.309396166	967.2877780960116	765.157376	cloud-23979
nla-digbench-scaling/hard-ll_valuebound2.yml	true	TIMEOUT (ERROR (inner timeout, after parsing finished))	930.366512054	912.7148593020029	754.126848	cloud-24259	TIMEOUT	990.295341389	969.0452773589932	636.678144	cloud-24260
nla-digbench-scaling/hard-ll_valuebound20.yml	true	TIMEOUT (ERROR (inner timeout, after parsing finished))	928.715575579	912.1435043499996	666.464256	cloud-24259	TIMEOUT	990.348738779	966.334425189998	631.566336	cloud-23933
nla-digbench-scaling/hard-ll_valuebound5.yml	true	TIMEOUT (ERROR (inner timeout, after parsing finished))	931.578891832	913.0054594269968	647.430144	cloud-23933	TIMEOUT	990.291281797	969.6558104909927	656.228352	cloud-24260
nla-digbench-scaling/hard-ll_valuebound50.yml	true	TIMEOUT (ERROR (inner timeout, after parsing finished))	933.806079241	913.9639119559979	654.385152	cloud-23979	ERROR (solver error, after parsing finished)	400.470833747	379.26869281500694	646.467584	cloud-24260
nla-digbench-scaling/hard-u_unwindbound10.yml	false	TIMEOUT (ERROR (inner timeout, after parsing finished))	951.779696132	934.5694983680005	880.795648	cloud-23979	TIMEOUT	990.344986035	971.7117198740016	845.086720	cloud-23979
nla-digbench-scaling/hard-u_unwindbound5.yml	false	TIMEOUT (ERROR (inner timeout, after parsing finished))	962.166769181	946.677817197	720.506880	cloud-23933	TIMEOUT	990.322567229	973.0269151490065	803.540992	cloud-23979
nla-digbench-scaling/hard-u_valuebound10.yml	true	ERROR (solver error, after parsing finished)	881.533915189	862.90763462	618.360832	cloud-23979	TIMEOUT	990.227851348	971.5991161080019	592.920576	cloud-24259
nla-digbench-scaling/hard-u_valuebound20.yml	true	TIMEOUT (ERROR (inner timeout, after parsing finished))	933.284308997	914.4299716710011	789.004288	cloud-23933	TIMEOUT	990.314850322	970.8520247590204	810.078208	cloud-23979
nla-digbench-scaling/hard-u_valuebound5.yml	true	TIMEOUT (ERROR (inner timeout, after parsing finished))	961.775284894	943.513983607	969.498624	cloud-24259	TIMEOUT	990.34816621	971.7100098390074	969.105408	cloud-23933
nla-digbench-scaling/hard-u_valuebound50.yml	true	TIMEOUT (ERROR (inner timeout, after parsing finished))	929.206655143	912.810297779999	1585.659904	cloud-23933	TIMEOUT	990.365342909	971.2610877679836	1563.107328	cloud-23979
nla-digbench-scaling/hard2_unwindbound10.yml	false	TIMEOUT (ERROR (inner timeout, after parsing finished))	954.175727786	933.003784949	694.194176	cloud-24259	TIMEOUT	990.337124706	966.6128606739803	676.352000	cloud-23933
nla-digbench-scaling/knuth_valuebound1.yml	true	ERROR (server error, after parsing finished)	35.076772539	22.580546126000627	1061.433344	cloud-24259	true	25.153628841	15.981825015012873	1124.175872	cloud-24259
nla-digbench-scaling/knuth_valuebound2.yml	true	ERROR (server error, after parsing finished)	35.509512178	23.58038228100031	1070.493696	cloud-23979	true	25.396586576	15.558594219008228	1122.803712	cloud-23979
nla-digbench-scaling/lcm1_unwindbound1.yml	false	TIMEOUT (ERROR (inner timeout, after parsing finished))	927.245765876	911.4096256949997	728.252416	cloud-23979	TIMEOUT	990.387684921	973.0486204500194	735.358976	cloud-24259
nla-digbench-scaling/lcm1_unwindbound10.yml	false	TIMEOUT (ERROR (inner timeout, after parsing finished))	930.542278627	913.5015335839998	584.740864	cloud-24259	TIMEOUT	990.280527251	973.4141190549999	623.243264	cloud-23979
nla-digbench-scaling/lcm1_unwindbound100.yml	false	TIMEOUT (ERROR (inner timeout, after parsing finished))	927.182446756	911.1689151739993	648.339456	cloud-23933	TIMEOUT	990.304716255	971.602944342012	598.351872	cloud-24260
nla-digbench-scaling/lcm1_unwindbound2.yml	false	TIMEOUT (ERROR (inner timeout, after parsing finished))	925.746536411	911.165523309	603.365376	cloud-24259	TIMEOUT	990.27573599	973.4829370990046	584.912896	cloud-23979
nla-digbench-scaling/lcm1_unwindbound20.yml	false	TIMEOUT (ERROR (inner timeout, after parsing finished))	924.90904886	910.6056887169998	686.567424	cloud-23933	TIMEOUT	990.276467358	972.0311791549902	695.111680	cloud-24260
nla-digbench-scaling/lcm1_unwindbound5.yml	false	TIMEOUT (ERROR (inner timeout, after parsing finished))	926.9599633	911.4681626080001	676.200448	cloud-24259	TIMEOUT	990.314063958	971.2538631139905	685.694976	cloud-23933
nla-digbench-scaling/lcm1_unwindbound50.yml	false	TIMEOUT (ERROR (inner timeout, after parsing finished))	922.46154308	909.4254287610001	722.644992	cloud-24259	TIMEOUT	990.283140457	972.227345531006	727.355392	cloud-24260
nla-digbench-scaling/lcm1_valuebound1.yml	true	TIMEOUT (ERROR (inner timeout, after parsing finished))	927.677165826	911.6664452980003	663.601152	cloud-23933	TIMEOUT	990.285745217	971.4235288480122	656.101376	cloud-23933
nla-digbench-scaling/lcm1_valuebound2.yml	true	TIMEOUT (ERROR (inner timeout, after parsing finished))	925.660801552	911.7439420610001	814.063616	cloud-24259	TIMEOUT	990.350961159	969.7222154440096	811.311104	cloud-24260
nla-digbench-scaling/lcm1_valuebound20.yml	true	TIMEOUT (ERROR (inner timeout, after parsing finished))	929.335504664	912.8467630880004	667.824128	cloud-23933	TIMEOUT	990.320192914	970.8138403600024	683.888640	cloud-23933
nla-digbench-scaling/lcm1_valuebound5.yml	true	TIMEOUT (ERROR (inner timeout, after parsing finished))	930.400215783	913.5173125180008	746.328064	cloud-23979	TIMEOUT	990.299548379	972.6215905729914	746.663936	cloud-23933
nla-digbench-scaling/lcm2_valuebound10.yml	true	TIMEOUT (ERROR (inner timeout, after parsing finished))	946.090446051	927.9572139109996	658.563072	cloud-23979	TIMEOUT	990.256134301	974.9614536790032	593.068032	cloud-24259
nla-digbench-scaling/lcm2_valuebound2.yml	true	TIMEOUT (ERROR (inner timeout, after parsing finished))	927.375986223	912.4579842199964	619.298816	cloud-23979	TIMEOUT	990.341033633	971.3247680710047	647.786496	cloud-24260
nla-digbench-scaling/lcm2_valuebound5.yml	true	TIMEOUT (ERROR (inner timeout, after parsing finished))	938.376970056	923.8351689880001	704.716800	cloud-24259	TIMEOUT	990.245500232	977.2309558790002	642.482176	cloud-24259
nla-digbench-scaling/mannadiv_unwindbound100.yml	false	ERROR (solver error, after parsing finished)	142.028999825	119.93905272699885	789.254144	cloud-23933	TIMEOUT	990.433851637	956.6841526700009	1059.880960	cloud-24260
nla-digbench-scaling/mannadiv_unwindbound50.yml	false	ERROR (solver error, after parsing finished)	138.668616064	117.45725130799838	778.543104	cloud-23933	TIMEOUT	990.553105581	949.9900099209917	1649.004544	cloud-24260
nla-digbench-scaling/prod4br-ll_unwindbound10.yml	false	TIMEOUT (ERROR (inner timeout, after parsing finished))	925.486816972	910.9423033720013	605.097984	cloud-24259	TIMEOUT	990.323420876	970.9512134099787	599.482368	cloud-24260
nla-digbench-scaling/prod4br-ll_unwindbound100.yml	false	TIMEOUT (ERROR (inner timeout, after parsing finished))	931.076218364	912.6761609770001	633.073664	cloud-23933	TIMEOUT	990.289886932	971.8950386289798	577.433600	cloud-23979
nla-digbench-scaling/prod4br-ll_unwindbound2.yml	false	TIMEOUT (ERROR (inner timeout, after parsing finished))	931.51220276	913.0623331899988	586.002432	cloud-23979	TIMEOUT	990.334210403	972.1709418699902	595.054592	cloud-23933
nla-digbench-scaling/prod4br-ll_unwindbound20.yml	false	TIMEOUT (ERROR (inner timeout, after parsing finished))	927.549310743	911.6844497459999	547.581952	cloud-23933	TIMEOUT	990.281640888	970.1174482390052	659.111936	cloud-24259
nla-digbench-scaling/prod4br-ll_unwindbound5.yml	false	TIMEOUT (ERROR (inner timeout, after parsing finished))	927.678452385	911.7761430589999	625.012736	cloud-24259	TIMEOUT	990.240025024	971.546992004005	606.470144	cloud-24259
nla-digbench-scaling/prod4br-ll_unwindbound50.yml	false	TIMEOUT (ERROR (inner timeout, after parsing finished))	926.780759233	911.2546177139993	593.367040	cloud-24259	TIMEOUT	990.231516122	977.2008471650042	614.060032	cloud-24259
nla-digbench-scaling/prodbin-ll_unwindbound10.yml	false	ERROR (solver error, after parsing finished)	875.25141823	859.9751976049997	568.045568	cloud-23979	TIMEOUT (ERROR (solver error, after parsing finished))	924.94553704	909.7388334770076	605.908992	cloud-24261
nla-digbench-scaling/prodbin-ll_unwindbound100.yml	true	TIMEOUT (ERROR (inner timeout, after parsing finished))	928.607890407	911.8453479640011	628.789248	cloud-23979	TIMEOUT	990.270080886	977.5261440800095	627.044352	cloud-24259
nla-digbench-scaling/prodbin-ll_unwindbound20.yml	false	TIMEOUT (ERROR (inner timeout, after parsing finished))	930.675924337	912.9381393210006	641.114112	cloud-23979	TIMEOUT	990.268374159	971.1213986850053	653.824000	cloud-23933
nla-digbench-scaling/prodbin-ll_unwindbound5.yml	false	TIMEOUT (ERROR (inner timeout, after parsing finished))	928.687879264	911.7392211470014	769.269760	cloud-23933	TIMEOUT	990.299945184	971.0925163089996	770.449408	cloud-24260
nla-digbench-scaling/prodbin-ll_unwindbound50.yml	true	TIMEOUT (ERROR (inner timeout, after parsing finished))	926.531710894	911.479429234998	612.720640	cloud-24259	TIMEOUT	990.285968528	971.2877969010151	618.872832	cloud-23979
nla-digbench-scaling/prodbin-ll_valuebound100.yml	true	TIMEOUT (ERROR (inner timeout, after parsing finished))	930.224766104	912.4697590900005	710.111232	cloud-23979	TIMEOUT	990.282529293	972.2477391080029	674.226176	cloud-24259
nla-digbench-scaling/ps3-ll_valuebound1.yml	true	true	47.903971054	26.685379536	635.854848	cloud-23979	ERROR (solver error, after parsing finished)	35.702322026	19.02357186100562	670.674944	cloud-23933
nla-digbench-scaling/ps3-ll_valuebound10.yml	true	true	31.897436083	17.207831372999976	661.168128	cloud-23933	ERROR (solver error, after parsing finished)	37.128537314	19.924200452005607	652.177408	cloud-24260
nla-digbench-scaling/ps3-ll_valuebound100.yml	true	true	39.759603928	21.495504686999993	649.691136	cloud-23979	ERROR (solver error, after parsing finished)	36.096614083	19.27617838900187	678.703104	cloud-23979
nla-digbench-scaling/ps3-ll_valuebound2.yml	true	true	36.990821576	19.846286604999477	602.361856	cloud-23979	ERROR (solver error, after parsing finished)	33.596884794	18.158698487008223	672.624640	cloud-23933
nla-digbench-scaling/ps3-ll_valuebound20.yml	true	true	29.865935376	16.013602913000796	677.167104	cloud-24259	ERROR (solver error, after parsing finished)	28.403918168	15.496779754001182	640.163840	cloud-24261
nla-digbench-scaling/ps3-ll_valuebound5.yml	true	true	37.617602055	20.578444612001476	591.912960	cloud-23979	ERROR (solver error, after parsing finished)	40.54381203	22.1076000220055	631.328768	cloud-24260
nla-digbench-scaling/ps3-ll_valuebound50.yml	true	true	31.748918066	17.012967396000022	652.554240	cloud-24259	ERROR (solver error, after parsing finished)	40.686613286	22.091981465011486	700.510208	cloud-24259
nla-digbench-scaling/ps5-ll_valuebound1.yml	true	TIMEOUT (ERROR (inner timeout, after parsing finished))	931.721285762	913.2481560190008	716.775424	cloud-24259	TIMEOUT	990.29672523	968.1624055699795	782.270464	cloud-23933
nla-digbench-scaling/ps5-ll_valuebound10.yml	true	TIMEOUT (ERROR (inner timeout, after parsing finished))	931.345726558	912.6786351619994	784.990208	cloud-23979	TIMEOUT	990.359334136	966.0038155939837	752.308224	cloud-24260
nla-digbench-scaling/ps5-ll_valuebound100.yml	true	TIMEOUT (ERROR (inner timeout, after parsing finished))	934.440339682	914.3650737359999	771.039232	cloud-23979	TIMEOUT	990.335661682	969.6963262380159	770.240512	cloud-23979
nla-digbench-scaling/ps5-ll_valuebound2.yml	true	TIMEOUT (ERROR (inner timeout, after parsing finished))	929.972893965	912.5474326799995	740.397056	cloud-24259	TIMEOUT	990.344747996	968.7458081419754	765.980672	cloud-23933
nla-digbench-scaling/ps5-ll_valuebound20.yml	true	TIMEOUT (ERROR (inner timeout, after parsing finished))	933.252277745	913.8127649110002	800.854016	cloud-24259	TIMEOUT	990.28572834	968.867040727986	776.310784	cloud-24259
nla-digbench-scaling/ps5-ll_valuebound5.yml	true	TIMEOUT (ERROR (inner timeout, after parsing finished))	934.883758984	914.3695949560006	763.445248	cloud-23979	TIMEOUT	990.384802657	972.6604380880017	821.379072	cloud-24259
nla-digbench-scaling/ps5-ll_valuebound50.yml	true	TIMEOUT (ERROR (inner timeout, after parsing finished))	934.628067718	914.087728896	756.932608	cloud-23979	TIMEOUT	990.300524092	969.3395617329807	767.934464	cloud-23933
nla-digbench-scaling/ps6-ll_unwindbound10.yml	false	TIMEOUT (ERROR (inner timeout, after parsing finished))	951.265262579	931.1999008130006	824.406016	cloud-24259	TIMEOUT	990.339623772	965.4687817080121	832.258048	cloud-23979
nla-digbench-scaling/ps6-ll_unwindbound100.yml	false	TIMEOUT (ERROR (inner timeout, after parsing finished))	933.928319378	915.1341149199998	915.673088	cloud-24259	TIMEOUT	990.339965576	964.2470126400003	906.252288	cloud-24260
nla-digbench-scaling/ps6-ll_unwindbound20.yml	false	TIMEOUT	990.304460142	968.5050909000001	808.534016	cloud-24259	ERROR (solver error, after parsing finished)	158.076865135	136.32916700298665	782.098432	cloud-23979
nla-digbench-scaling/ps6-ll_unwindbound5.yml	false	TIMEOUT (ERROR (inner timeout, after parsing finished))	954.131753968	932.9320627960005	832.544768	cloud-24259	TIMEOUT	990.351244379	966.1945754299813	848.654336	cloud-23933
nla-digbench-scaling/ps6-ll_unwindbound50.yml	false	TIMEOUT	990.339643247	966.8186352520024	883.232768	cloud-23979	ERROR (solver error, after parsing finished)	162.944142262	141.44807167400722	816.963584	cloud-23933
nla-digbench-scaling/ps6-ll_valuebound10.yml	true	TIMEOUT (ERROR (inner timeout, after parsing finished))	950.827424889	925.4079692179985	802.635776	cloud-23933	TIMEOUT	990.364347895	965.9782774089836	824.086528	cloud-23979
nla-digbench-scaling/ps6-ll_valuebound100.yml	true	TIMEOUT (ERROR (inner timeout, after parsing finished))	948.389838805	924.2501135399998	788.340736	cloud-23933	TIMEOUT	990.317087346	966.2973151520127	788.111360	cloud-23933
nla-digbench-scaling/ps6-ll_valuebound20.yml	true	TIMEOUT (ERROR (inner timeout, after parsing finished))	947.048609431	923.4692617259998	805.158912	cloud-23933	TIMEOUT	990.332273933	965.9401934880007	801.239040	cloud-23933
nla-digbench-scaling/ps6-ll_valuebound5.yml	true	TIMEOUT (ERROR (inner timeout, after parsing finished))	944.374447988	922.8488105260003	889.937920	cloud-23933	TIMEOUT	990.340427633	966.646710711997	818.470912	cloud-23933
nla-digbench-scaling/ps6-ll_valuebound50.yml	true	TIMEOUT (ERROR (inner timeout, after parsing finished))	950.194447089	925.1621943529999	789.864448	cloud-23979	TIMEOUT	990.339406007	966.4143123319955	936.394752	cloud-23933
combinations/Problem05_label45+token_ring.13.cil-1.yml	false	OUT OF MEMORY	898.004111466	818.0653035869982	15000.051712	cloud-23933	TIMEOUT	903.784480939	826.6996457260102	15000.039424	cloud-24260
combinations/Problem05_label47+token_ring.13.cil-2.yml	false	OUT OF MEMORY	599.19969281	539.8303140529988	15000.047616	cloud-24259	TIMEOUT	910.041629672	826.6983732329973	15000.043520	cloud-24259
combinations/pc_sfifo_1.cil-2+token_ring.02.cil-1.yml	true	true	377.889187249	264.85257655999885	2364.878848	cloud-24259	TIMEOUT	990.695376906	928.5231821930065	2026.287104	cloud-24259
combinations/pc_sfifo_2.cil-1+token_ring.07.cil-2.yml	false	ERROR (generic error, after parsing finished)	221.338696472	171.1803710410004	1303.080960	cloud-23933	TIMEOUT	990.645465418	918.9421016770066	2016.325632	cloud-24259
eca-rers2012/Problem01_label32.yml	false	TIMEOUT	990.535157403	945.6295382019998	1496.936448	cloud-23979	false(unreach-call)	124.648875516	92.15751166499103	1146.630144	cloud-23979
eca-rers2012/Problem06_label03.yml	true	TIMEOUT	991.788584985	914.7787922439984	14646.673408	cloud-23933	OUT OF MEMORY	267.864777041	219.392484426	15000.158208	cloud-23944
eca-rers2012/Problem06_label07.yml	true	TIMEOUT	991.724994092	913.5478196490003	14912.536576	cloud-23979	OUT OF MEMORY	316.513243641	258.163342816988	15000.162304	cloud-23942
eca-rers2012/Problem06_label09.yml	false	TIMEOUT	991.222017426	917.514811396999	14977.519616	cloud-23942	OUT OF MEMORY	483.732935892	421.5129002870235	15000.043520	cloud-23979
eca-rers2012/Problem06_label12.yml	false	TIMEOUT	992.124108754	893.5520607230001	13470.162944	cloud-23933	OUT OF MEMORY	298.319779018	242.36544446400148	15000.158208	cloud-23940
eca-rers2012/Problem06_label13.yml	true	TIMEOUT	991.419376717	921.3998922110004	14680.670208	cloud-23941	OUT OF MEMORY	335.236318093	270.5860018989988	15000.158208	cloud-23944
eca-rers2012/Problem06_label14.yml	true	TIMEOUT	992.090063421	898.565326967997	14603.059200	cloud-23979	OUT OF MEMORY	233.648259908	193.88726715099983	15000.166400	cloud-23940
eca-rers2012/Problem06_label15.yml	false	TIMEOUT	991.462135075	912.2320253239996	14620.762112	cloud-24259	OUT OF MEMORY	570.561611724	494.3678502929979	15000.162304	cloud-23943
eca-rers2012/Problem06_label21.yml	false	TIMEOUT	991.252594623	917.3921277259999	14692.618240	cloud-24259	OUT OF MEMORY	302.298654687	261.89627786799974	15000.162304	cloud-23941
eca-rers2012/Problem06_label24.yml	false	TIMEOUT	991.51386119	900.9338807519998	14882.783232	cloud-23933	OUT OF MEMORY	567.437230811	492.6205922329973	15000.170496	cloud-23944
eca-rers2012/Problem06_label36.yml	false	TIMEOUT	991.622663429	904.8651437029998	14823.276544	cloud-24259	OUT OF MEMORY	243.00364993	203.48270656099976	15000.166400	cloud-23944
eca-rers2012/Problem06_label39.yml	true	TIMEOUT	991.04847393	936.089182705	14850.990080	cloud-23943	OUT OF MEMORY	394.256071709	325.49317622200033	15000.035328	cloud-24261
eca-rers2012/Problem06_label41.yml	true	TIMEOUT	991.426472768	920.2299515560007	14582.915072	cloud-23941	OUT OF MEMORY	435.36605128	370.7263701100019	15000.039424	cloud-23933
eca-rers2012/Problem06_label44.yml	false	OUT OF MEMORY	577.301637318	512.852166093	15000.047616	cloud-23979	TIMEOUT	907.071109202	781.8872269359999	15000.043520	cloud-24259
eca-rers2012/Problem06_label46.yml	true	TIMEOUT	991.552167348	905.7770329500017	14759.178240	cloud-23979	OUT OF MEMORY	328.126931919	270.70483976000105	15000.162304	cloud-23941
eca-rers2012/Problem06_label47.yml	false	TIMEOUT	991.441244296	908.6266922969999	14803.562496	cloud-23933	OUT OF MEMORY	778.170553455	668.4659043010033	15000.043520	cloud-24260
eca-rers2012/Problem06_label48.yml	false	TIMEOUT	991.831056426	911.4268903039992	14762.110976	cloud-23933	OUT OF MEMORY	501.244920812	425.44052671600366	15000.158208	cloud-23944
eca-rers2012/Problem06_label50.yml	true	TIMEOUT	991.156895292	920.521073123	14696.177664	cloud-23944	OUT OF MEMORY	518.104817694	453.57170213599966	15000.158208	cloud-23939
eca-rers2012/Problem06_label51.yml	true	TIMEOUT	991.439059545	908.268143831001	14839.484416	cloud-23933	OUT OF MEMORY	725.698407184	628.1725090179825	15000.043520	cloud-23979
eca-rers2012/Problem06_label52.yml	true	TIMEOUT	992.161257708	889.9211817469986	14746.046464	cloud-23933	OUT OF MEMORY	220.989164815	184.62084386800052	15000.166400	cloud-23944
eca-rers2012/Problem06_label53.yml	true	TIMEOUT	991.958496678	893.1525415409997	14750.040064	cloud-23933	OUT OF MEMORY	523.198929004	459.269927448986	15000.043520	cloud-24260
eca-rers2012/Problem06_label54.yml	true	TIMEOUT	991.317790555	921.463930027001	14781.202432	cloud-24259	OUT OF MEMORY	441.707716172	386.7629213260079	15000.043520	cloud-23979
eca-rers2012/Problem06_label59.yml	false	TIMEOUT	992.198607331	897.0150179270022	14943.621120	cloud-23979	OUT OF MEMORY	573.844196669	491.52954241799307	15000.170496	cloud-23939
eca-rers2012/Problem10_label15.yml	false	TIMEOUT	990.597237989	946.6812855219996	1703.313408	cloud-24259	false(unreach-call)	162.500810316	130.32473910599947	1523.392512	cloud-23979
eca-rers2012/Problem10_label32.yml	true	TIMEOUT	990.623136808	941.2874937280012	1757.265920	cloud-23933	true	126.762887021	94.37419413699536	1425.788928	cloud-23979
eca-rers2012/Problem10_label44.yml	true	TIMEOUT	990.446692522	945.379980013	1536.262144	cloud-23979	true	145.962910028	116.41702450400044	1443.053568	cloud-24261
eca-rers2012/Problem11_label12.yml	true	TIMEOUT	990.575733272	929.1134050809997	2367.533056	cloud-23979	true	206.334804117	171.6477200149966	2271.350784	cloud-24259
eca-rers2012/Problem11_label15.yml	false	TIMEOUT	990.747914783	931.7105200249989	2438.066176	cloud-23933	false(unreach-call)	207.44835346	155.5935802229942	2287.292416	cloud-24259
eca-rers2012/Problem11_label27.yml	true	TIMEOUT	990.637856306	935.2914920870007	2964.258816	cloud-24259	true	183.787649026	142.20664393799962	2534.952960	cloud-23979
eca-rers2012/Problem11_label32.yml	true	TIMEOUT	990.524816803	932.415819933	2680.356864	cloud-24259	true	236.386446517	191.40561978699407	2730.676224	cloud-23933
eca-rers2012/Problem14_label00.yml	true	TIMEOUT (ERROR (inner timeout, after parsing finished))	988.619367581	944.9927242739996	1731.506176	cloud-23979	true	195.381940385	151.77320590100135	1742.016512	cloud-24259
eca-rers2012/Problem14_label01.yml	true	TIMEOUT (ERROR (inner timeout, after parsing finished))	973.844000532	936.4778919500004	2195.722240	cloud-23933	true	465.757076141	342.77941888500936	2813.673472	cloud-23979
eca-rers2012/Problem14_label03.yml	true	TIMEOUT (ERROR (inner timeout, after parsing finished))	989.953303149	947.268989518001	1883.340800	cloud-23979	TIMEOUT	990.711961139	934.556955158012	1987.432448	cloud-23933
eca-rers2012/Problem14_label17.yml	true	TIMEOUT	990.628242149	933.5807411000005	1854.803968	cloud-23979	true	198.203712776	159.78143518901197	1485.950976	cloud-23933
eca-rers2012/Problem14_label36.yml	true	TIMEOUT	991.768390691	578.0620771910001	2537.283584	cloud-23933	true	198.824531665	159.15772510398529	1862.475776	cloud-23979
eca-rers2012/Problem14_label38.yml	true	TIMEOUT	992.01228286	567.1944300289997	2543.394816	cloud-24259	true	203.127456884	165.96281491799164	1556.578304	cloud-23933
eca-rers2012/Problem14_label49.yml	true	TIMEOUT	990.562283133	942.7392149129992	1726.554112	cloud-23979	true	614.832084994	446.9886351939931	2746.019840	cloud-24260
eca-rers2012/Problem15_label18.yml	false	false(unreach-call)	390.187223401	331.72957218599913	3714.080768	cloud-23979	TIMEOUT	991.086136942	832.0683572710113	5312.385024	cloud-24259
eca-rers2012/Problem15_label34.yml	false	false(unreach-call)	384.511694348	326.8025202170011	3602.903040	cloud-23933	TIMEOUT	991.483132647	789.9227952120127	5503.795200	cloud-24260
eca-rers2012/Problem15_label50.yml	false	false(unreach-call)	362.696749175	306.17208927699903	4338.618368	cloud-24259	TIMEOUT	991.413942277	790.3495631690021	6587.924480	cloud-24259
eca-rers2012/Problem16_label48.yml	true	true	293.067122421	245.83897769900068	2927.718400	cloud-24259	TIMEOUT	991.020297832	887.3481056799938	4860.014592	cloud-23933
eca-rers2012/Problem16_label49.yml	true	true	345.233847195	295.6508804570003	3628.986368	cloud-23979	TIMEOUT	990.974091871	881.4063083219808	4584.292352	cloud-23933
eca-rers2012/Problem19_label04.yml	true	OUT OF MEMORY	483.599042249	327.23033260300144	15000.162304	cloud-23944	TIMEOUT	991.462114881	721.6212287359995	14959.284224	cloud-24261
eca-rers2012/Problem19_label05.yml	true	TIMEOUT	991.356688403	859.5288161030003	14980.186112	cloud-23943	OUT OF MEMORY	571.768821389	385.14944573299726	15000.166400	cloud-23943
eca-rers2012/Problem19_label12.yml	true	OUT OF MEMORY	747.281953542	499.7518316530004	15000.031232	cloud-23933	TIMEOUT	990.913963785	745.8649021279998	14979.850240	cloud-23939
eca-rers2012/Problem19_label14.yml	false	TIMEOUT	992.472595596	643.2106598379996	12968.898560	cloud-24259	OUT OF MEMORY	601.557535243	393.035411113	15000.162304	cloud-23942
eca-rers2012/Problem19_label16.yml	true	TIMEOUT	992.384204668	600.5922243140012	12911.509504	cloud-23940	OUT OF MEMORY	854.715695661	611.3117307770008	15000.047616	cloud-24259
eca-rers2012/Problem19_label18.yml	false	OUT OF MEMORY	605.47800968	423.9642351340008	15000.047616	cloud-23933	TIMEOUT	967.315929785	722.6888017249876	15000.166400	cloud-23941
eca-rers2012/Problem19_label20.yml	true	TIMEOUT	991.893047376	777.7489670260002	14926.417920	cloud-24259	OUT OF MEMORY	593.662850794	391.4137153760239	15000.166400	cloud-23940
eca-rers2012/Problem19_label23.yml	true	OUT OF MEMORY	722.660040333	477.4860808370004	15000.047616	cloud-23979	TIMEOUT	991.338198403	755.045536894002	14970.777600	cloud-23942
eca-rers2012/Problem19_label24.yml	true	TIMEOUT	993.091261216	637.9482839280008	13700.571136	cloud-23933	OUT OF MEMORY	666.683848674	460.4927074399893	15000.043520	cloud-23933
eca-rers2012/Problem19_label26.yml	false	TIMEOUT	991.27496475	738.3111995590007	14858.739712	cloud-23933	OUT OF MEMORY	787.739341282	563.5603096509876	15000.166400	cloud-23940
eca-rers2012/Problem19_label28.yml	false	TIMEOUT	992.686404455	614.3003941700008	14056.718336	cloud-23944	OUT OF MEMORY	235.329242678	176.5548586369987	15000.162304	cloud-23939
eca-rers2012/Problem19_label30.yml	true	TIMEOUT	992.061246332	636.311777462	13699.682304	cloud-24259	OUT OF MEMORY	770.509219808	555.874195234006	15000.039424	cloud-24259
eca-rers2012/Problem19_label32.yml	false	TIMEOUT	992.32143914	643.8039123189992	12780.650496	cloud-23979	OUT OF MEMORY	863.658558817	620.1097569859994	15000.166400	cloud-23943
eca-rers2012/Problem19_label33.yml	true	OUT OF MEMORY	519.447174707	361.26470549400005	15000.170496	cloud-23944	TIMEOUT	991.773438115	757.537356521003	14942.007296	cloud-23944
eca-rers2012/Problem19_label34.yml	true	TIMEOUT	991.685235944	608.1639007010017	13689.057280	cloud-23940	OUT OF MEMORY	572.749064151	384.41547795699444	15000.162304	cloud-23941
eca-rers2012/Problem19_label36.yml	true	TIMEOUT	991.931677202	788.9431154699996	14927.224832	cloud-23941	OUT OF MEMORY	676.689963388	442.8394174660207	15000.166400	cloud-23939
eca-rers2012/Problem19_label39.yml	true	TIMEOUT	992.358775309	634.8794462799997	13680.779264	cloud-24259	OUT OF MEMORY	853.882663118	632.2659565069999	15000.432640	cloud-23942
eca-rers2012/Problem19_label40.yml	true	OUT OF MEMORY	608.211163628	432.2247996060032	15000.039424	cloud-23933	TIMEOUT	991.516689952	754.3039211409923	14970.822656	cloud-23941
eca-rers2012/Problem19_label41.yml	false	OUT OF MEMORY	847.673171639	645.2365532010008	15000.162304	cloud-23943	TIMEOUT	991.684324072	717.1748570250056	14946.557952	cloud-23933
eca-rers2012/Problem19_label43.yml	false	TIMEOUT	991.789929039	624.0508849849994	13735.403520	cloud-23943	OUT OF MEMORY	892.612994256	664.0013020430051	15000.158208	cloud-23940
eca-rers2012/Problem19_label46.yml	true	TIMEOUT	991.360102926	733.6484214249995	14952.620032	cloud-23979	OUT OF MEMORY	762.985561069	545.2929156539903	15000.039424	cloud-24259
eca-rers2012/Problem19_label47.yml	false	OUT OF MEMORY	410.070192432	307.143501841	15000.047616	cloud-24259	TIMEOUT	991.664383717	762.9058155290004	14976.798720	cloud-23942
eca-rers2012/Problem19_label54.yml	true	OUT OF MEMORY	724.993430995	489.58818974099904	15000.051712	cloud-24259	TIMEOUT	992.403125427	713.2343274109999	14907.777024	cloud-23933
